u,x1,x2,x3
-1,1,-0.375,3.999
-1,0.999,-0.374001,3.99863
-1,0.998,-0.373002,3.99825
-1,0.997,-0.372005,3.99788
-1,0.996,-0.371008,3.99751
-1,0.995,-0.370013,3.99714
-1,0.994,-0.369018,3.99677
-1,0.993,-0.368024,3.9964
-1,0.992,-0.367032,3.99603
-1,0.991,-0.36604,3.99567
-1,0.99,-0.36505,3.9953
-1,0.989,-0.364061,3.99494
-1,0.988,-0.363072,3.99457
-1,0.987,-0.362084,3.99421
-1,0.986,-0.361098,3.99385
-1,0.985,-0.360113,3.99349
-1,0.984,-0.359128,3.99313
-1,0.983,-0.358144,3.99277
-1,0.982,-0.357162,3.99241
-1,0.981,-0.356181,3.99205
-1,0.98,-0.3552,3.9917
-1,0.979,-0.35422,3.99134
-1,0.978,-0.353242,3.99099
-1,0.977,-0.352264,3.99064
-1,0.976,-0.351288,3.99029
-1,0.975,-0.350312,3.98993
-1,0.974,-0.349338,3.98959
-1,0.973,-0.348364,3.98924
-1,0.972,-0.347392,3.98889
-1,0.971,-0.34642,3.98854
-1,0.97,-0.34545,3.9882
-1,0.969,-0.34448,3.98785
-1,0.968,-0.343512,3.98751
-1,0.967,-0.342544,3.98716
-1,0.966,-0.341578,3.98682
-1,0.965,-0.340612,3.98648
-1,0.964,-0.339648,3.98614
-1,0.963,-0.338684,3.9858
-1,0.962,-0.337722,3.98546
-1,0.961,-0.33676,3.98513
-1,0.96,-0.3358,3.98479
-1,0.959,-0.33484,3.98445
-1,0.958,-0.333882,3.98412
-1,0.957,-0.332924,3.98379
-1,0.956,-0.331968,3.98345
-1,0.955,-0.331012,3.98312
-1,0.954,-0.330058,3.98279
-1,0.953,-0.329104,3.98246
-1,0.952,-0.328152,3.98213
-1,0.951,-0.3272,3.98181
-1,0.95,-0.32625,3.98148
-1,0.949,-0.3253,3.98115
-1,0.948,-0.324352,3.98083
-1,0.947,-0.323404,3.9805
-1,0.946,-0.322458,3.98018
-1,0.945,-0.321512,3.97986
-1,0.944,-0.320568,3.97954
-1,0.943,-0.319624,3.97922
-1,0.942,-0.318682,3.9789
-1,0.941,-0.31774,3.97858
-1,0.94,-0.3168,3.97826
-1,0.939,-0.31586,3.97795
-1,0.938,-0.314922,3.97763
-1,0.937,-0.313984,3.97732
-1,0.936,-0.313048,3.977
-1,0.935,-0.312112,3.97669
-1,0.934,-0.311178,3.97638
-1,0.933,-0.310244,3.97607
-1,0.932,-0.309312,3.97576
-1,0.931,-0.30838,3.97545
-1,0.93,-0.30745,3.97514
-1,0.929,-0.30652,3.97484
-1,0.928,-0.305592,3.97453
-1,0.927,-0.304664,3.97422
-1,0.926,-0.303738,3.97392
-1,0.925,-0.302812,3.97362
-1,0.924,-0.301888,3.97331
-1,0.923,-0.300964,3.97301
-1,0.922,-0.300042,3.97271
-1,0.921,-0.29912,3.97241
-1,0.92,-0.2982,3.97211
-1,0.919,-0.29728,3.97182
-1,0.918,-0.296362,3.97152
-1,0.917,-0.295444,3.97122
-1,0.916,-0.294528,3.97093
-1,0.915,-0.293612,3.97064
-1,0.914,-0.292698,3.97034
-1,0.913,-0.291784,3.97005
-1,0.912,-0.290872,3.96976
-1,0.911,-0.28996,3.96947
-1,0.91,-0.28905,3.96918
-1,0.909,-0.28814,3.96889
-1,0.908,-0.287232,3.9686
-1,0.907,-0.286324,3.96832
-1,0.906,-0.285418,3.96803
-1,0.905,-0.284512,3.96774
-1,0.904,-0.283608,3.96746
-1,0.903,-0.282704,3.96718
-1,0.902,-0.281802,3.9669
-1,0.901,-0.2809,3.96661
-1,0.9,-0.28,3.96633
-1,0.899,-0.2791,3.96605
-1,0.898,-0.278202,3.96578
-1,0.897,-0.277304,3.9655
-1,0.896,-0.276408,3.96522
-1,0.895,-0.275512,3.96494
-1,0.894,-0.274618,3.96467
-1,0.893,-0.273724,3.9644
-1,0.892,-0.272832,3.96412
-1,0.891,-0.27194,3.96385
-1,0.89,-0.27105,3.96358
-1,0.889,-0.27016,3.96331
-1,0.888,-0.269272,3.96304
-1,0.887,-0.268384,3.96277
-1,0.886,-0.267498,3.9625
-1,0.885,-0.266612,3.96223
-1,0.884,-0.265728,3.96197
-1,0.883,-0.264844,3.9617
-1,0.882,-0.263962,3.96144
-1,0.881,-0.26308,3.96117
-1,0.88,-0.2622,3.96091
-1,0.879,-0.26132,3.96065
-1,0.878,-0.260442,3.96039
-1,0.877,-0.259564,3.96013
-1,0.876,-0.258688,3.95987
-1,0.875,-0.257812,3.95961
-1,0.874,-0.256938,3.95935
-1,0.873,-0.256064,3.9591
-1,0.872,-0.255192,3.95884
-1,0.871,-0.25432,3.95859
-1,0.87,-0.25345,3.95833
-1,0.869,-0.25258,3.95808
-1,0.868,-0.251712,3.95783
-1,0.867,-0.250844,3.95758
-1,0.866,-0.249978,3.95733
-1,0.865,-0.249112,3.95708
-1,0.864,-0.248248,3.95683
-1,0.863,-0.247384,3.95658
-1,0.862,-0.246522,3.95633
-1,0.861,-0.24566,3.95609
-1,0.86,-0.2448,3.95584
-1,0.859,-0.24394,3.9556
-1,0.858,-0.243082,3.95535
-1,0.857,-0.242224,3.95511
-1,0.856,-0.241368,3.95487
-1,0.855,-0.240512,3.95463
-1,0.854,-0.239658,3.95439
-1,0.853,-0.238804,3.95415
-1,0.852,-0.237952,3.95391
-1,0.851,-0.2371,3.95367
-1,0.85,-0.23625,3.95344
-1,0.849,-0.2354,3.9532
-1,0.848,-0.234552,3.95297
-1,0.847,-0.233704,3.95273
-1,0.846,-0.232858,3.9525
-1,0.845,-0.232012,3.95227
-1,0.844,-0.231168,3.95204
-1,0.843,-0.230324,3.9518
-1,0.842,-0.229482,3.95157
-1,0.841,-0.22864,3.95135
-1,0.84,-0.2278,3.95112
-1,0.839,-0.22696,3.95089
-1,0.838,-0.226122,3.95066
-1,0.837,-0.225284,3.95044
-1,0.836,-0.224448,3.95021
-1,0.835,-0.223612,3.94999
-1,0.834,-0.222778,3.94977
-1,0.833,-0.221944,3.94954
-1,0.832,-0.221112,3.94932
-1,0.831,-0.22028,3.9491
-1,0.83,-0.21945,3.94888
-1,0.829,-0.21862,3.94866
-1,0.828,-0.217792,3.94844
-1,0.827,-0.216964,3.94823
-1,0.826,-0.216138,3.94801
-1,0.825,-0.215312,3.94779
-1,0.824,-0.214488,3.94758
-1,0.823,-0.213664,3.94737
-1,0.822,-0.212842,3.94715
-1,0.821,-0.21202,3.94694
-1,0.82,-0.2112,3.94673
-1,0.819,-0.21038,3.94652
-1,0.818,-0.209562,3.94631
-1,0.817,-0.208744,3.9461
-1,0.816,-0.207928,3.94589
-1,0.815,-0.207112,3.94568
-1,0.814,-0.206298,3.94548
-1,0.813,-0.205484,3.94527
-1,0.812,-0.204672,3.94506
-1,0.811,-0.20386,3.94486
-1,0.81,-0.20305,3.94466
-1,0.809,-0.20224,3.94445
-1,0.808,-0.201432,3.94425
-1,0.807,-0.200624,3.94405
-1,0.806,-0.199818,3.94385
-1,0.805,-0.199012,3.94365
-1,0.804,-0.198208,3.94345
-1,0.803,-0.197404,3.94326
-1,0.802,-0.196602,3.94306
-1,0.801,-0.1958,3.94286
-1,0.8,-0.195,3.94267
-1,0.799,-0.1942,3.94247
-1,0.798,-0.193402,3.94228
-1,0.797,-0.192604,3.94209
-1,0.796,-0.191808,3.94189
-1,0.795,-0.191012,3.9417
-1,0.794,-0.190218,3.94151
-1,0.793,-0.189424,3.94132
-1,0.792,-0.188632,3.94113
-1,0.791,-0.18784,3.94094
-1,0.79,-0.18705,3.94076
-1,0.789,-0.18626,3.94057
-1,0.788,-0.185472,3.94038
-1,0.787,-0.184684,3.9402
-1,0.786,-0.183898,3.94001
-1,0.785,-0.183112,3.93983
-1,0.784,-0.182328,3.93965
-1,0.783,-0.181544,3.93947
-1,0.782,-0.180762,3.93929
-1,0.781,-0.17998,3.9391
-1,0.78,-0.1792,3.93893
-1,0.779,-0.17842,3.93875
-1,0.778,-0.177642,3.93857
-1,0.777,-0.176864,3.93839
-1,0.776,-0.176088,3.93821
-1,0.775,-0.175312,3.93804
-1,0.774,-0.174538,3.93786
-1,0.773,-0.173764,3.93769
-1,0.772,-0.172992,3.93752
-1,0.771,-0.17222,3.93734
-1,0.77,-0.17145,3.93717
-1,0.769,-0.17068,3.937
-1,0.768,-0.169912,3.93683
-1,0.767,-0.169144,3.93666
-1,0.766,-0.168378,3.93649
-1,0.765,-0.167612,3.93632
-1,0.764,-0.166848,3.93616
-1,0.763,-0.166084,3.93599
-1,0.762,-0.165322,3.93583
-1,0.761,-0.16456,3.93566
-1,0.76,-0.1638,3.9355
-1,0.759,-0.16304,3.93533
-1,0.758,-0.162282,3.93517
-1,0.757,-0.161524,3.93501
-1,0.756,-0.160768,3.93485
-1,0.755,-0.160012,3.93469
-1,0.754,-0.159258,3.93453
-1,0.753,-0.158504,3.93437
-1,0.752,-0.157752,3.93421
-1,0.751,-0.157,3.93405
-1,0.75,-0.15625,3.9339
-1,0.749,-0.1555,3.93374
-1,0.748,-0.154752,3.93358
-1,0.747,-0.154004,3.93343
-1,0.746,-0.153258,3.93328
-1,0.745,-0.152512,3.93312
-1,0.744,-0.151768,3.93297
-1,0.743,-0.151024,3.93282
-1,0.742,-0.150282,3.93267
-1,0.741,-0.14954,3.93252
-1,0.74,-0.1488,3.93237
-1,0.739,-0.14806,3.93222
-1,0.738,-0.147322,3.93207
-1,0.737,-0.146584,3.93193
-1,0.736,-0.145848,3.93178
-1,0.735,-0.145112,3.93164
-1,0.734,-0.144378,3.93149
-1,0.733,-0.143644,3.93135
-1,0.732,-0.142912,3.9312
-1,0.731,-0.14218,3.93106
-1,0.73,-0.14145,3.93092
-1,0.729,-0.14072,3.93078
-1,0.728,-0.139992,3.93064
-1,0.727,-0.139264,3.9305
-1,0.726,-0.138538,3.93036
-1,0.725,-0.137812,3.93022
-1,0.724,-0.137088,3.93008
-1,0.723,-0.136364,3.92995
-1,0.722,-0.135642,3.92981
-1,0.721,-0.13492,3.92968
-1,0.72,-0.1342,3.92954
-1,0.719,-0.13348,3.92941
-1,0.718,-0.132762,3.92927
-1,0.717,-0.132044,3.92914
-1,0.716,-0.131328,3.92901
-1,0.715,-0.130612,3.92888
-1,0.714,-0.129898,3.92875
-1,0.713,-0.129184,3.92862
-1,0.712,-0.128472,3.92849
-1,0.711,-0.12776,3.92836
-1,0.71,-0.12705,3.92824
-1,0.709,-0.12634,3.92811
-1,0.708,-0.125632,3.92798
-1,0.707,-0.124924,3.92786
-1,0.706,-0.124218,3.92773
-1,0.705,-0.123512,3.92761
-1,0.704,-0.122808,3.92749
-1,0.703,-0.122104,3.92736
-1,0.702,-0.121402,3.92724
-1,0.701,-0.1207,3.92712
-1,0.7,-0.12,3.927
-1,0.699,-0.1193,3.92688
-1,0.698,-0.118602,3.92676
-1,0.697,-0.117904,3.92664
-1,0.696,-0.117208,3.92653
-1,0.695,-0.116512,3.92641
-1,0.694,-0.115818,3.92629
-1,0.693,-0.115124,3.92618
-1,0.692,-0.114432,3.92606
-1,0.691,-0.11374,3.92595
-1,0.69,-0.11305,3.92583
-1,0.689,-0.11236,3.92572
-1,0.688,-0.111672,3.92561
-1,0.687,-0.110984,3.9255
-1,0.686,-0.110298,3.92539
-1,0.685,-0.109612,3.92528
-1,0.684,-0.108928,3.92517
-1,0.683,-0.108244,3.92506
-1,0.682,-0.107562,3.92495
-1,0.681,-0.10688,3.92485
-1,0.68,-0.1062,3.92474
-1,0.679,-0.10552,3.92463
-1,0.678,-0.104842,3.92453
-1,0.677,-0.104164,3.92442
-1,0.676,-0.103488,3.92432
-1,0.675,-0.102812,3.92422
-1,0.674,-0.102138,3.92411
-1,0.673,-0.101464,3.92401
-1,0.672,-0.100792,3.92391
-1,0.671,-0.10012,3.92381
-1,0.67,-0.09945,3.92371
-1,0.669,-0.0987805,3.92361
-1,0.668,-0.098112,3.92351
-1,0.667,-0.0974445,3.92342
-1,0.666,-0.096778,3.92332
-1,0.665,-0.0961125,3.92322
-1,0.664,-0.095448,3.92313
-1,0.663,-0.0947845,3.92303
-1,0.662,-0.094122,3.92294
-1,0.661,-0.0934605,3.92284
-1,0.66,-0.0928,3.92275
-1,0.659,-0.0921405,3.92266
-1,0.658,-0.091482,3.92257
-1,0.657,-0.0908245,3.92247
-1,0.656,-0.090168,3.92238
-1,0.655,-0.0895125,3.92229
-1,0.654,-0.088858,3.9222
-1,0.653,-0.0882045,3.92212
-1,0.652,-0.087552,3.92203
-1,0.651,-0.0869005,3.92194
-1,0.65,-0.08625,3.92185
-1,0.649,-0.0856005,3.92177
-1,0.648,-0.084952,3.92168
-1,0.647,-0.0843045,3.9216
-1,0.646,-0.083658,3.92151
-1,0.645,-0.0830125,3.92143
-1,0.644,-0.082368,3.92135
-1,0.643,-0.0817245,3.92127
-1,0.642,-0.081082,3.92118
-1,0.641,-0.0804405,3.9211
-1,0.64,-0.0798,3.92102
-1,0.639,-0.0791605,3.92094
-1,0.638,-0.078522,3.92087
-1,0.637,-0.0778845,3.92079
-1,0.636,-0.077248,3.92071
-1,0.635,-0.0766125,3.92063
-1,0.634,-0.075978,3.92056
-1,0.633,-0.0753445,3.92048
-1,0.632,-0.074712,3.92041
-1,0.631,-0.0740805,3.92033
-1,0.63,-0.07345,3.92026
-1,0.629,-0.0728205,3.92018
-1,0.628,-0.072192,3.92011
-1,0.627,-0.0715645,3.92004
-1,0.626,-0.070938,3.91997
-1,0.625,-0.0703125,3.9199
-1,0.624,-0.069688,3.91983
-1,0.623,-0.0690645,3.91976
-1,0.622,-0.068442,3.91969
-1,0.621,-0.0678205,3.91962
-1,0.62,-0.0672,3.91955
-1,0.619,-0.0665805,3.91949
-1,0.618,-0.065962,3.91942
-1,0.617,-0.0653445,3.91936
-1,0.616,-0.064728,3.91929
-1,0.615,-0.0641125,3.91923
-1,0.614,-0.063498,3.91916
-1,0.613,-0.0628845,3.9191
-1,0.612,-0.062272,3.91904
-1,0.611,-0.0616605,3.91897
-1,0.61,-0.06105,3.91891
-1,0.609,-0.0604405,3.91885
-1,0.608,-0.059832,3.91879
-1,0.607,-0.0592245,3.91873
-1,0.606,-0.058618,3.91867
-1,0.605,-0.0580125,3.91862
-1,0.604,-0.057408,3.91856
-1,0.603,-0.0568045,3.9185
-1,0.602,-0.056202,3.91844
-1,0.601,-0.0556005,3.91839
-1,0.6,-0.055,3.91833
-1,0.599,-0.0544005,3.91828
-1,0.598,-0.053802,3.91822
-1,0.597,-0.0532045,3.91817
-1,0.596,-0.052608,3.91812
-1,0.595,-0.0520125,3.91807
-1,0.594,-0.051418,3.91801
-1,0.593,-0.0508245,3.91796
-1,0.592,-0.050232,3.91791
-1,0.591,-0.0496405,3.91786
-1,0.59,-0.04905,3.91781
-1,0.589,-0.0484605,3.91776
-1,0.588,-0.047872,3.91772
-1,0.587,-0.0472845,3.91767
-1,0.586,-0.046698,3.91762
-1,0.585,-0.0461125,3.91758
-1,0.584,-0.045528,3.91753
-1,0.583,-0.0449445,3.91748
-1,0.582,-0.044362,3.91744
-1,0.581,-0.0437805,3.9174
-1,0.58,-0.0432,3.91735
-1,0.579,-0.0426205,3.91731
-1,0.578,-0.042042,3.91727
-1,0.577,-0.0414645,3.91723
-1,0.576,-0.040888,3.91718
-1,0.575,-0.0403125,3.91714
-1,0.574,-0.039738,3.9171
-1,0.573,-0.0391645,3.91706
-1,0.572,-0.038592,3.91702
-1,0.571,-0.0380205,3.91699
-1,0.57,-0.03745,3.91695
-1,0.569,-0.0368805,3.91691
-1,0.568,-0.036312,3.91688
-1,0.567,-0.0357445,3.91684
-1,0.566,-0.035178,3.9168
-1,0.565,-0.0346125,3.91677
-1,0.564,-0.034048,3.91673
-1,0.563,-0.0334845,3.9167
-1,0.562,-0.032922,3.91667
-1,0.561,-0.0323605,3.91663
-1,0.56,-0.0318,3.9166
-1,0.559,-0.0312405,3.91657
-1,0.558,-0.030682,3.91654
-1,0.557,-0.0301245,3.91651
-1,0.556,-0.029568,3.91648
-1,0.555,-0.0290125,3.91645
-1,0.554,-0.028458,3.91642
-1,0.553,-0.0279045,3.91639
-1,0.552,-0.027352,3.91637
-1,0.551,-0.0268005,3.91634
-1,0.55,-0.02625,3.91631
-1,0.549,-0.0257005,3.91629
-1,0.548,-0.025152,3.91626
-1,0.547,-0.0246045,3.91624
-1,0.546,-0.024058,3.91621
-1,0.545,-0.0235125,3.91619
-1,0.544,-0.022968,3.91616
-1,0.543,-0.0224245,3.91614
-1,0.542,-0.021882,3.91612
-1,0.541,-0.0213405,3.9161
-1,0.54,-0.0208,3.91608
-1,0.539,-0.0202605,3.91606
-1,0.538,-0.019722,3.91604
-1,0.537,-0.0191845,3.91602
-1,0.536,-0.018648,3.916
-1,0.535,-0.0181125,3.91598
-1,0.534,-0.017578,3.91596
-1,0.533,-0.0170445,3.91594
-1,0.532,-0.016512,3.91593
-1,0.531,-0.0159805,3.91591
-1,0.53,-0.01545,3.9159
-1,0.529,-0.0149205,3.91588
-1,0.528,-0.014392,3.91587
-1,0.527,-0.0138645,3.91585
-1,0.526,-0.013338,3.91584
-1,0.525,-0.0128125,3.91583
-1,0.524,-0.012288,3.91581
-1,0.523,-0.0117645,3.9158
-1,0.522,-0.011242,3.91579
-1,0.521,-0.0107205,3.91578
-1,0.52,-0.0102,3.91577
-1,0.519,-0.0096805,3.91576
-1,0.518,-0.009162,3.91575
-1,0.517,-0.0086445,3.91574
-1,0.516,-0.008128,3.91573
-1,0.515,-0.0076125,3.91572
-1,0.514,-0.007098,3.91572
-1,0.513,-0.0065845,3.91571
-1,0.512,-0.006072,3.9157
-1,0.511,-0.0055605,3.9157
-1,0.51,-0.00505,3.91569
-1,0.509,-0.0045405,3.91569
-1,0.508,-0.004032,3.91568
-1,0.507,-0.0035245,3.91568
-1,0.506,-0.003018,3.91568
-1,0.505,-0.0025125,3.91567
-1,0.504,-0.002008,3.91567
-1,0.503,-0.0015045,3.91567
-1,0.502,-0.001002,3.91567
-1,0.501,-0.0005005,3.91567
-1,0.5,1.66533e-16,3.91567
-1,0.499,0.0004995,3.91567
-1,0.498,0.000998,3.91567
-1,0.497,0.0014955,3.91567
-1,0.496,0.001992,3.91567
-1,0.495,0.0024875,3.91567
-1,0.494,0.002982,3.91568
-1,0.493,0.0034755,3.91568
-1,0.492,0.003968,3.91568
-1,0.491,0.0044595,3.91569
-1,0.49,0.00495,3.91569
-1,0.489,0.0054395,3.9157
-1,0.488,0.005928,3.9157
-1,0.487,0.0064155,3.91571
-1,0.486,0.006902,3.91572
-1,0.485,0.0073875,3.91572
-1,0.484,0.007872,3.91573
-1,0.483,0.0083555,3.91574
-1,0.482,0.008838,3.91575
-1,0.481,0.0093195,3.91576
-1,0.48,0.0098,3.91577
-1,0.479,0.0102795,3.91578
-1,0.478,0.010758,3.91579
-1,0.477,0.0112355,3.9158
-1,0.476,0.011712,3.91581
-1,0.475,0.0121875,3.91582
-1,0.474,0.012662,3.91583
-1,0.473,0.0131355,3.91585
-1,0.472,0.013608,3.91586
-1,0.471,0.0140795,3.91587
-1,0.47,0.01455,3.91589
-1,0.469,0.0150195,3.9159
-1,0.468,0.015488,3.91592
-1,0.467,0.0159555,3.91593
-1,0.466,0.016422,3.91595
-1,0.465,0.0168875,3.91597
-1,0.464,0.017352,3.91598
-1,0.463,0.0178155,3.916
-1,0.462,0.018278,3.91602
-1,0.461,0.0187395,3.91604
-1,0.46,0.0192,3.91606
-1,0.459,0.0196595,3.91608
-1,0.458,0.020118,3.9161
-1,0.457,0.0205755,3.91612
-1,0.456,0.021032,3.91614
-1,0.455,0.0214875,3.91616
-1,0.454,0.021942,3.91618
-1,0.453,0.0223955,3.9162
-1,0.452,0.022848,3.91622
-1,0.451,0.0232995,3.91625
-1,0.45,0.02375,3.91627
-1,0.449,0.0241995,3.91629
-1,0.448,0.024648,3.91632
-1,0.447,0.0250955,3.91634
-1,0.446,0.025542,3.91637
-1,0.445,0.0259875,3.9164
-1,0.444,0.026432,3.91642
-1,0.443,0.0268755,3.91645
-1,0.442,0.027318,3.91648
-1,0.441,0.0277595,3.9165
-1,0.44,0.0282,3.91653
-1,0.439,0.0286395,3.91656
-1,0.438,0.029078,3.91659
-1,0.437,0.0295155,3.91662
-1,0.436,0.029952,3.91665
-1,0.435,0.0303875,3.91668
-1,0.434,0.030822,3.91671
-1,0.433,0.0312555,3.91674
-1,0.432,0.031688,3.91677
-1,0.431,0.0321195,3.9168
-1,0.43,0.03255,3.91683
-1,0.429,0.0329795,3.91687
-1,0.428,0.033408,3.9169
-1,0.427,0.0338355,3.91693
-1,0.426,0.034262,3.91697
-1,0.425,0.0346875,3.917
-1,0.424,0.035112,3.91704
-1,0.423,0.0355355,3.91707
-1,0.422,0.035958,3.91711
-1,0.421,0.0363795,3.91714
-1,0.42,0.0368,3.91718
-1,0.419,0.0372195,3.91722
-1,0.418,0.037638,3.91726
-1,0.417,0.0380555,3.91729
-1,0.416,0.038472,3.91733
-1,0.415,0.0388875,3.91737
-1,0.414,0.039302,3.91741
-1,0.413,0.0397155,3.91745
-1,0.412,0.040128,3.91749
-1,0.411,0.0405395,3.91753
-1,0.41,0.04095,3.91757
-1,0.409,0.0413595,3.91761
-1,0.408,0.041768,3.91765
-1,0.407,0.0421755,3.91769
-1,0.406,0.042582,3.91774
-1,0.405,0.0429875,3.91778
-1,0.404,0.043392,3.91782
-1,0.403,0.0437955,3.91787
-1,0.402,0.044198,3.91791
-1,0.401,0.0445995,3.91796
-1,0.4,0.045,3.918
-1,0.399,0.0453995,3.91805
-1,0.398,0.045798,3.91809
-1,0.397,0.0461955,3.91814
-1,0.396,0.046592,3.91818
-1,0.395,0.0469875,3.91823
-1,0.394,0.047382,3.91828
-1,0.393,0.0477755,3.91832
-1,0.392,0.048168,3.91837
-1,0.391,0.0485595,3.91842
-1,0.39,0.04895,3.91847
-1,0.389,0.0493395,3.91852
-1,0.388,0.049728,3.91857
-1,0.387,0.0501155,3.91862
-1,0.386,0.050502,3.91867
-1,0.385,0.0508875,3.91872
-1,0.384,0.051272,3.91877
-1,0.383,0.0516555,3.91882
-1,0.382,0.052038,3.91887
-1,0.381,0.0524195,3.91893
-1,0.38,0.0528,3.91898
-1,0.379,0.0531795,3.91903
-1,0.378,0.053558,3.91909
-1,0.377,0.0539355,3.91914
-1,0.376,0.054312,3.91919
-1,0.375,0.0546875,3.91925
-1,0.374,0.055062,3.9193
-1,0.373,0.0554355,3.91936
-1,0.372,0.055808,3.91941
-1,0.371,0.0561795,3.91947
-1,0.37,0.05655,3.91953
-1,0.369,0.0569195,3.91958
-1,0.368,0.057288,3.91964
-1,0.367,0.0576555,3.9197
-1,0.366,0.058022,3.91975
-1,0.365,0.0583875,3.91981
-1,0.364,0.058752,3.91987
-1,0.363,0.0591155,3.91993
-1,0.362,0.059478,3.91999
-1,0.361,0.0598395,3.92005
-1,0.36,0.0602,3.92011
-1,0.359,0.0605595,3.92017
-1,0.358,0.060918,3.92023
-1,0.357,0.0612755,3.92029
-1,0.356,0.061632,3.92035
-1,0.355,0.0619875,3.92041
-1,0.354,0.062342,3.92048
-1,0.353,0.0626955,3.92054
-1,0.352,0.063048,3.9206
-1,0.351,0.0633995,3.92067
-1,0.35,0.06375,3.92073
-1,0.349,0.0640995,3.92079
-1,0.348,0.064448,3.92086
-1,0.347,0.0647955,3.92092
-1,0.346,0.065142,3.92099
-1,0.345,0.0654875,3.92105
-1,0.344,0.065832,3.92112
-1,0.343,0.0661755,3.92118
-1,0.342,0.066518,3.92125
-1,0.341,0.0668595,3.92132
-1,0.34,0.0672,3.92138
-1,0.339,0.0675395,3.92145
-1,0.338,0.067878,3.92152
-1,0.337,0.0682155,3.92159
-1,0.336,0.068552,3.92166
-1,0.335,0.0688875,3.92172
-1,0.334,0.069222,3.92179
-1,0.333,0.0695555,3.92186
-1,0.332,0.069888,3.92193
-1,0.331,0.0702195,3.922
-1,0.33,0.07055,3.92207
-1,0.329,0.0708795,3.92214
-1,0.328,0.071208,3.92221
-1,0.327,0.0715355,3.92229
-1,0.326,0.071862,3.92236
-1,0.325,0.0721875,3.92243
-1,0.324,0.072512,3.9225
-1,0.323,0.0728355,3.92257
-1,0.322,0.073158,3.92265
-1,0.321,0.0734795,3.92272
-1,0.32,0.0738,3.92279
-1,0.319,0.0741195,3.92287
-1,0.318,0.074438,3.92294
-1,0.317,0.0747555,3.92302
-1,0.316,0.075072,3.92309
-1,0.315,0.0753875,3.92317
-1,0.314,0.075702,3.92324
-1,0.313,0.0760155,3.92332
-1,0.312,0.076328,3.9234
-1,0.311,0.0766395,3.92347
-1,0.31,0.07695,3.92355
-1,0.309,0.0772595,3.92363
-1,0.308,0.077568,3.9237
-1,0.307,0.0778755,3.92378
-1,0.306,0.078182,3.92386
-1,0.305,0.0784875,3.92394
-1,0.304,0.078792,3.92402
-1,0.303,0.0790955,3.92409
-1,0.302,0.079398,3.92417
-1,0.301,0.0796995,3.92425
-1,0.3,0.08,3.92433
-1,0.299,0.0802995,3.92441
-1,0.298,0.080598,3.92449
-1,0.297,0.0808955,3.92457
-1,0.296,0.081192,3.92466
-1,0.295,0.0814875,3.92474
-1,0.294,0.081782,3.92482
-1,0.293,0.0820755,3.9249
-1,0.292,0.082368,3.92498
-1,0.291,0.0826595,3.92507
-1,0.29,0.08295,3.92515
-1,0.289,0.0832395,3.92523
-1,0.288,0.083528,3.92531
-1,0.287,0.0838155,3.9254
-1,0.286,0.084102,3.92548
-1,0.285,0.0843875,3.92557
-1,0.284,0.084672,3.92565
-1,0.283,0.0849555,3.92574
-1,0.282,0.085238,3.92582
-1,0.281,0.0855195,3.92591
-1,0.28,0.0858,3.92599
-1,0.279,0.0860795,3.92608
-1,0.278,0.086358,3.92616
-1,0.277,0.0866355,3.92625
-1,0.276,0.086912,3.92634
-1,0.275,0.0871875,3.92642
-1,0.274,0.087462,3.92651
-1,0.273,0.0877355,3.9266
-1,0.272,0.088008,3.92669
-1,0.271,0.0882795,3.92678
-1,0.27,0.08855,3.92686
-1,0.269,0.0888195,3.92695
-1,0.268,0.089088,3.92704
-1,0.267,0.0893555,3.92713
-1,0.266,0.089622,3.92722
-1,0.265,0.0898875,3.92731
-1,0.264,0.090152,3.9274
-1,0.263,0.0904155,3.92749
-1,0.262,0.090678,3.92758
-1,0.261,0.0909395,3.92767
-1,0.26,0.0912,3.92776
-1,0.259,0.0914595,3.92785
-1,0.258,0.091718,3.92795
-1,0.257,0.0919755,3.92804
-1,0.256,0.092232,3.92813
-1,0.255,0.0924875,3.92822
-1,0.254,0.092742,3.92831
-1,0.253,0.0929955,3.92841
-1,0.252,0.093248,3.9285
-1,0.251,0.0934995,3.92859
-1,0.25,0.09375,3.92869
-1,0.249,0.0939995,3.92878
-1,0.248,0.094248,3.92888
-1,0.247,0.0944955,3.92897
-1,0.246,0.094742,3.92906
-1,0.245,0.0949875,3.92916
-1,0.244,0.095232,3.92925
-1,0.243,0.0954755,3.92935
-1,0.242,0.095718,3.92945
-1,0.241,0.0959595,3.92954
-1,0.24,0.0962,3.92964
-1,0.239,0.0964395,3.92973
-1,0.238,0.096678,3.92983
-1,0.237,0.0969155,3.92993
-1,0.236,0.097152,3.93002
-1,0.235,0.0973875,3.93012
-1,0.234,0.097622,3.93022
-1,0.233,0.0978555,3.93032
-1,0.232,0.098088,3.93041
-1,0.231,0.0983195,3.93051
-1,0.23,0.09855,3.93061
-1,0.229,0.0987795,3.93071
-1,0.228,0.099008,3.93081
-1,0.227,0.0992355,3.93091
-1,0.226,0.099462,3.93101
-1,0.225,0.0996875,3.93111
-1,0.224,0.099912,3.93121
-1,0.223,0.100136,3.93131
-1,0.222,0.100358,3.93141
-1,0.221,0.10058,3.93151
-1,0.22,0.1008,3.93161
-1,0.219,0.10102,3.93171
-1,0.218,0.101238,3.93181
-1,0.217,0.101456,3.93191
-1,0.216,0.101672,3.93201
-1,0.215,0.101888,3.93211
-1,0.214,0.102102,3.93222
-1,0.213,0.102316,3.93232
-1,0.212,0.102528,3.93242
-1,0.211,0.10274,3.93252
-1,0.21,0.10295,3.93263
-1,0.209,0.10316,3.93273
-1,0.208,0.103368,3.93283
-1,0.207,0.103576,3.93294
-1,0.206,0.103782,3.93304
-1,0.205,0.103988,3.93314
-1,0.204,0.104192,3.93325
-1,0.203,0.104396,3.93335
-1,0.202,0.104598,3.93346
-1,0.201,0.1048,3.93356
-1,0.2,0.105,3.93367
-1,0.199,0.1052,3.93377
-1,0.198,0.105398,3.93388
-1,0.197,0.105596,3.93398
-1,0.196,0.105792,3.93409
-1,0.195,0.105988,3.93419
-1,0.194,0.106182,3.9343
-1,0.193,0.106376,3.93441
-1,0.192,0.106568,3.93451
-1,0.191,0.10676,3.93462
-1,0.19,0.10695,3.93473
-1,0.189,0.10714,3.93483
-1,0.188,0.107328,3.93494
-1,0.187,0.107516,3.93505
-1,0.186,0.107702,3.93516
-1,0.185,0.107888,3.93526
-1,0.184,0.108072,3.93537
-1,0.183,0.108256,3.93548
-1,0.182,0.108438,3.93559
-1,0.181,0.10862,3.9357
-1,0.18,0.1088,3.93581
-1,0.179,0.10898,3.93591
-1,0.178,0.109158,3.93602
-1,0.177,0.109336,3.93613
-1,0.176,0.109512,3.93624
-1,0.175,0.109688,3.93635
-1,0.174,0.109862,3.93646
-1,0.173,0.110036,3.93657
-1,0.172,0.110208,3.93668
-1,0.171,0.11038,3.93679
-1,0.17,0.11055,3.9369
-1,0.169,0.11072,3.93701
-1,0.168,0.110888,3.93712
-1,0.167,0.111056,3.93723
-1,0.166,0.111222,3.93735
-1,0.165,0.111388,3.93746
-1,0.164,0.111552,3.93757
-1,0.163,0.111716,3.93768
-1,0.162,0.111878,3.93779
-1,0.161,0.11204,3.9379
-1,0.16,0.1122,3.93802
-1,0.159,0.11236,3.93813
-1,0.158,0.112518,3.93824
-1,0.157,0.112676,3.93835
-1,0.156,0.112832,3.93847
-1,0.155,0.112988,3.93858
-1,0.154,0.113142,3.93869
-1,0.153,0.113296,3.93881
-1,0.152,0.113448,3.93892
-1,0.151,0.1136,3.93903
-1,0.15,0.11375,3.93915
-1,0.149,0.1139,3.93926
-1,0.148,0.114048,3.93937
-1,0.147,0.114196,3.93949
-1,0.146,0.114342,3.9396
-1,0.145,0.114488,3.93972
-1,0.144,0.114632,3.93983
-1,0.143,0.114776,3.93995
-1,0.142,0.114918,3.94006
-1,0.141,0.11506,3.94018
-1,0.14,0.1152,3.94029
-1,0.139,0.11534,3.94041
-1,0.138,0.115478,3.94052
-1,0.137,0.115616,3.94064
-1,0.136,0.115752,3.94075
-1,0.135,0.115888,3.94087
-1,0.134,0.116022,3.94098
-1,0.133,0.116156,3.9411
-1,0.132,0.116288,3.94122
-1,0.131,0.11642,3.94133
-1,0.13,0.11655,3.94145
-1,0.129,0.11668,3.94157
-1,0.128,0.116808,3.94168
-1,0.127,0.116936,3.9418
-1,0.126,0.117062,3.94192
-1,0.125,0.117188,3.94203
-1,0.124,0.117312,3.94215
-1,0.123,0.117436,3.94227
-1,0.122,0.117558,3.94239
-1,0.121,0.11768,3.9425
-1,0.12,0.1178,3.94262
-1,0.119,0.11792,3.94274
-1,0.118,0.118038,3.94286
-1,0.117,0.118156,3.94298
-1,0.116,0.118272,3.94309
-1,0.115,0.118388,3.94321
-1,0.114,0.118502,3.94333
-1,0.113,0.118616,3.94345
-1,0.112,0.118728,3.94357
-1,0.111,0.11884,3.94369
-1,0.11,0.11895,3.94381
-1,0.109,0.11906,3.94392
-1,0.108,0.119168,3.94404
-1,0.107,0.119276,3.94416
-1,0.106,0.119382,3.94428
-1,0.105,0.119488,3.9444
-1,0.104,0.119592,3.94452
-1,0.103,0.119696,3.94464
-1,0.102,0.119798,3.94476
-1,0.101,0.1199,3.94488
-1,0.1,0.12,3.945
-1,0.099,0.1201,3.94512
-1,0.098,0.120198,3.94524
-1,0.097,0.120296,3.94536
-1,0.096,0.120392,3.94548
-1,0.095,0.120488,3.9456
-1,0.094,0.120582,3.94572
-1,0.093,0.120676,3.94584
-1,0.092,0.120768,3.94596
-1,0.091,0.12086,3.94608
-1,0.09,0.12095,3.9462
-1,0.089,0.12104,3.94633
-1,0.088,0.121128,3.94645
-1,0.087,0.121216,3.94657
-1,0.086,0.121302,3.94669
-1,0.085,0.121388,3.94681
-1,0.084,0.121472,3.94693
-1,0.083,0.121556,3.94705
-1,0.082,0.121638,3.94718
-1,0.081,0.12172,3.9473
-1,0.08,0.1218,3.94742
-1,0.079,0.12188,3.94754
-1,0.078,0.121958,3.94766
-1,0.077,0.122036,3.94778
-1,0.076,0.122112,3.94791
-1,0.075,0.122188,3.94803
-1,0.074,0.122262,3.94815
-1,0.073,0.122336,3.94827
-1,0.072,0.122408,3.9484
-1,0.071,0.12248,3.94852
-1,0.07,0.12255,3.94864
-1,0.069,0.12262,3.94876
-1,0.068,0.122688,3.94889
-1,0.067,0.122756,3.94901
-1,0.066,0.122822,3.94913
-1,0.065,0.122888,3.94925
-1,0.064,0.122952,3.94938
-1,0.063,0.123016,3.9495
-1,0.062,0.123078,3.94962
-1,0.061,0.12314,3.94975
-1,0.06,0.1232,3.94987
-1,0.059,0.12326,3.94999
-1,0.058,0.123318,3.95012
-1,0.057,0.123376,3.95024
-1,0.056,0.123432,3.95036
-1,0.055,0.123488,3.95049
-1,0.054,0.123542,3.95061
-1,0.053,0.123596,3.95073
-1,0.052,0.123648,3.95086
-1,0.051,0.1237,3.95098
-1,0.05,0.12375,3.9511
-1,0.049,0.1238,3.95123
-1,0.048,0.123848,3.95135
-1,0.047,0.123896,3.95148
-1,0.046,0.123942,3.9516
-1,0.045,0.123988,3.95172
-1,0.044,0.124032,3.95185
-1,0.043,0.124076,3.95197
-1,0.042,0.124118,3.9521
-1,0.041,0.12416,3.95222
-1,0.04,0.1242,3.95234
-1,0.039,0.12424,3.95247
-1,0.038,0.124278,3.95259
-1,0.037,0.124316,3.95272
-1,0.036,0.124352,3.95284
-1,0.035,0.124388,3.95297
-1,0.034,0.124422,3.95309
-1,0.033,0.124456,3.95321
-1,0.032,0.124488,3.95334
-1,0.031,0.12452,3.95346
-1,0.03,0.12455,3.95359
-1,0.029,0.12458,3.95371
-1,0.028,0.124608,3.95384
-1,0.027,0.124636,3.95396
-1,0.026,0.124662,3.95409
-1,0.025,0.124688,3.95421
-1,0.024,0.124712,3.95434
-1,0.023,0.124735,3.95446
-1,0.022,0.124758,3.95459
-1,0.021,0.12478,3.95471
-1,0.02,0.1248,3.95483
-1,0.019,0.12482,3.95496
-1,0.018,0.124838,3.95508
-1,0.017,0.124856,3.95521
-1,0.016,0.124872,3.95533
-1,0.015,0.124887,3.95546
-1,0.014,0.124902,3.95558
-1,0.013,0.124916,3.95571
-1,0.012,0.124928,3.95583
-1,0.011,0.124939,3.95596
-1,0.01,0.12495,3.95608
-1,0.009,0.12496,3.95621
-1,0.008,0.124968,3.95633
-1,0.007,0.124976,3.95646
-1,0.006,0.124982,3.95658
-1,0.005,0.124988,3.95671
-1,0.004,0.124992,3.95683
-1,0.003,0.124995,3.95696
-1,0.002,0.124998,3.95708
-1,0.001,0.124999,3.95721
-1,-6.66134e-16,0.125,3.95733
-1,-0.001,0.125,3.95746
-1,-0.002,0.124998,3.95758
-1,-0.003,0.124996,3.95771
-1,-0.004,0.124992,3.95783
-1,-0.005,0.124988,3.95796
-1,-0.006,0.124982,3.95808
-1,-0.007,0.124976,3.95821
-1,-0.008,0.124968,3.95833
-1,-0.009,0.12496,3.95846
-1,-0.01,0.12495,3.95858
-1,-0.011,0.124939,3.95871
-1,-0.012,0.124928,3.95883
-1,-0.013,0.124915,3.95896
-1,-0.014,0.124902,3.95908
-1,-0.015,0.124888,3.95921
-1,-0.016,0.124872,3.95933
-1,-0.017,0.124856,3.95946
-1,-0.018,0.124838,3.95958
-1,-0.019,0.124819,3.95971
-1,-0.02,0.1248,3.95983
-1,-0.021,0.12478,3.95996
-1,-0.022,0.124758,3.96008
-1,-0.023,0.124735,3.96021
-1,-0.024,0.124712,3.96033
-1,-0.025,0.124688,3.96046
-1,-0.026,0.124662,3.96058
-1,-0.027,0.124636,3.96071
-1,-0.028,0.124608,3.96083
-1,-0.029,0.12458,3.96095
-1,-0.03,0.12455,3.96108
-1,-0.031,0.12452,3.9612
-1,-0.032,0.124488,3.96133
-1,-0.033,0.124456,3.96145
-1,-0.034,0.124422,3.96158
-1,-0.035,0.124388,3.9617
-1,-0.036,0.124352,3.96183
-1,-0.037,0.124316,3.96195
-1,-0.038,0.124278,3.96207
-1,-0.039,0.12424,3.9622
-1,-0.04,0.1242,3.96232
-1,-0.041,0.12416,3.96245
-1,-0.042,0.124118,3.96257
-1,-0.043,0.124076,3.9627
-1,-0.044,0.124032,3.96282
-1,-0.045,0.123988,3.96294
-1,-0.046,0.123942,3.96307
-1,-0.047,0.123896,3.96319
-1,-0.048,0.123848,3.96331
-1,-0.049,0.1238,3.96344
-1,-0.05,0.12375,3.96356
-1,-0.051,0.1237,3.96369
-1,-0.052,0.123648,3.96381
-1,-0.053,0.123596,3.96393
-1,-0.054,0.123542,3.96406
-1,-0.055,0.123488,3.96418
-1,-0.056,0.123432,3.9643
-1,-0.057,0.123376,3.96443
-1,-0.058,0.123318,3.96455
-1,-0.059,0.12326,3.96467
-1,-0.06,0.1232,3.9648
-1,-0.061,0.12314,3.96492
-1,-0.062,0.123078,3.96504
-1,-0.063,0.123016,3.96517
-1,-0.064,0.122952,3.96529
-1,-0.065,0.122888,3.96541
-1,-0.066,0.122822,3.96554
-1,-0.067,0.122756,3.96566
-1,-0.068,0.122688,3.96578
-1,-0.069,0.12262,3.9659
-1,-0.07,0.12255,3.96603
-1,-0.071,0.12248,3.96615
-1,-0.072,0.122408,3.96627
-1,-0.073,0.122336,3.96639
-1,-0.074,0.122262,3.96652
-1,-0.075,0.122188,3.96664
-1,-0.076,0.122112,3.96676
-1,-0.077,0.122036,3.96688
-1,-0.078,0.121958,3.967
-1,-0.079,0.12188,3.96713
-1,-0.08,0.1218,3.96725
-1,-0.081,0.12172,3.96737
-1,-0.082,0.121638,3.96749
-1,-0.083,0.121556,3.96761
-1,-0.084,0.121472,3.96773
-1,-0.085,0.121388,3.96786
-1,-0.086,0.121302,3.96798
-1,-0.087,0.121216,3.9681
-1,-0.088,0.121128,3.96822
-1,-0.089,0.12104,3.96834
-1,-0.09,0.12095,3.96846
-1,-0.091,0.12086,3.96858
-1,-0.092,0.120768,3.9687
-1,-0.093,0.120676,3.96882
-1,-0.094,0.120582,3.96894
-1,-0.095,0.120488,3.96907
-1,-0.096,0.120392,3.96919
-1,-0.097,0.120296,3.96931
-1,-0.098,0.120198,3.96943
-1,-0.099,0.1201,3.96955
-1,-0.1,0.12,3.96967
-1,-0.101,0.1199,3.96979
-1,-0.102,0.119798,3.96991
-1,-0.103,0.119696,3.97003
-1,-0.104,0.119592,3.97015
-1,-0.105,0.119488,3.97027
-1,-0.106,0.119382,3.97038
-1,-0.107,0.119276,3.9705
-1,-0.108,0.119168,3.97062
-1,-0.109,0.11906,3.97074
-1,-0.11,0.11895,3.97086
-1,-0.111,0.11884,3.97098
-1,-0.112,0.118728,3.9711
-1,-0.113,0.118616,3.97122
-1,-0.114,0.118502,3.97134
-1,-0.115,0.118388,3.97145
-1,-0.116,0.118272,3.97157
-1,-0.117,0.118156,3.97169
-1,-0.118,0.118038,3.97181
-1,-0.119,0.11792,3.97193
-1,-0.12,0.1178,3.97205
-1,-0.121,0.11768,3.97216
-1,-0.122,0.117558,3.97228
-1,-0.123,0.117436,3.9724
-1,-0.124,0.117312,3.97252
-1,-0.125,0.117188,3.97263
-1,-0.126,0.117062,3.97275
-1,-0.127,0.116936,3.97287
-1,-0.128,0.116808,3.97298
-1,-0.129,0.11668,3.9731
-1,-0.13,0.11655,3.97322
-1,-0.131,0.11642,3.97333
-1,-0.132,0.116288,3.97345
-1,-0.133,0.116156,3.97357
-1,-0.134,0.116022,3.97368
-1,-0.135,0.115888,3.9738
-1,-0.136,0.115752,3.97391
-1,-0.137,0.115616,3.97403
-1,-0.138,0.115478,3.97415
-1,-0.139,0.11534,3.97426
-1,-0.14,0.1152,3.97438
-1,-0.141,0.11506,3.97449
-1,-0.142,0.114918,3.97461
-1,-0.143,0.114776,3.97472
-1,-0.144,0.114632,3.97484
-1,-0.145,0.114488,3.97495
-1,-0.146,0.114342,3.97506
-1,-0.147,0.114196,3.97518
-1,-0.148,0.114048,3.97529
-1,-0.149,0.1139,3.97541
-1,-0.15,0.11375,3.97552
-1,-0.151,0.1136,3.97563
-1,-0.152,0.113448,3.97575
-1,-0.153,0.113296,3.97586
-1,-0.154,0.113142,3.97597
-1,-0.155,0.112988,3.97609
-1,-0.156,0.112832,3.9762
-1,-0.157,0.112676,3.97631
-1,-0.158,0.112518,3.97643
-1,-0.159,0.11236,3.97654
-1,-0.16,0.1122,3.97665
-1,-0.161,0.11204,3.97676
-1,-0.162,0.111878,3.97687
-1,-0.163,0.111716,3.97699
-1,-0.164,0.111552,3.9771
-1,-0.165,0.111388,3.97721
-1,-0.166,0.111222,3.97732
-1,-0.167,0.111056,3.97743
-1,-0.168,0.110888,3.97754
-1,-0.169,0.11072,3.97765
-1,-0.17,0.11055,3.97776
-1,-0.171,0.11038,3.97787
-1,-0.172,0.110208,3.97799
-1,-0.173,0.110036,3.9781
-1,-0.174,0.109862,3.97821
-1,-0.175,0.109688,3.97832
-1,-0.176,0.109512,3.97842
-1,-0.177,0.109336,3.97853
-1,-0.178,0.109158,3.97864
-1,-0.179,0.10898,3.97875
-1,-0.18,0.1088,3.97886
-1,-0.181,0.10862,3.97897
-1,-0.182,0.108438,3.97908
-1,-0.183,0.108256,3.97919
-1,-0.184,0.108072,3.9793
-1,-0.185,0.107888,3.9794
-1,-0.186,0.107702,3.97951
-1,-0.187,0.107516,3.97962
-1,-0.188,0.107328,3.97973
-1,-0.189,0.10714,3.97983
-1,-0.19,0.10695,3.97994
-1,-0.191,0.10676,3.98005
-1,-0.192,0.106568,3.98015
-1,-0.193,0.106376,3.98026
-1,-0.194,0.106182,3.98037
-1,-0.195,0.105988,3.98047
-1,-0.196,0.105792,3.98058
-1,-0.197,0.105596,3.98068
-1,-0.198,0.105398,3.98079
-1,-0.199,0.1052,3.98089
-1,-0.2,0.105,3.981
-1,-0.201,0.1048,3.9811
-1,-0.202,0.104598,3.98121
-1,-0.203,0.104396,3.98131
-1,-0.204,0.104192,3.98142
-1,-0.205,0.103988,3.98152
-1,-0.206,0.103782,3.98163
-1,-0.207,0.103576,3.98173
-1,-0.208,0.103368,3.98183
-1,-0.209,0.10316,3.98194
-1,-0.21,0.10295,3.98204
-1,-0.211,0.10274,3.98214
-1,-0.212,0.102528,3.98225
-1,-0.213,0.102316,3.98235
-1,-0.214,0.102102,3.98245
-1,-0.215,0.101888,3.98255
-1,-0.216,0.101672,3.98265
-1,-0.217,0.101456,3.98276
-1,-0.218,0.101238,3.98286
-1,-0.219,0.10102,3.98296
-1,-0.22,0.1008,3.98306
-1,-0.221,0.10058,3.98316
-1,-0.222,0.100358,3.98326
-1,-0.223,0.100136,3.98336
-1,-0.224,0.099912,3.98346
-1,-0.225,0.0996875,3.98356
-1,-0.226,0.099462,3.98366
-1,-0.227,0.0992355,3.98376
-1,-0.228,0.099008,3.98386
-1,-0.229,0.0987795,3.98396
-1,-0.23,0.09855,3.98406
-1,-0.231,0.0983195,3.98415
-1,-0.232,0.098088,3.98425
-1,-0.233,0.0978555,3.98435
-1,-0.234,0.097622,3.98445
-1,-0.235,0.0973875,3.98455
-1,-0.236,0.097152,3.98464
-1,-0.237,0.0969155,3.98474
-1,-0.238,0.096678,3.98484
-1,-0.239,0.0964395,3.98493
-1,-0.24,0.0962,3.98503
-1,-0.241,0.0959595,3.98513
-1,-0.242,0.095718,3.98522
-1,-0.243,0.0954755,3.98532
-1,-0.244,0.095232,3.98541
-1,-0.245,0.0949875,3.98551
-1,-0.246,0.094742,3.9856
-1,-0.247,0.0944955,3.9857
-1,-0.248,0.094248,3.98579
-1,-0.249,0.0939995,3.98589
-1,-0.25,0.09375,3.98598
-1,-0.251,0.0934995,3.98607
-1,-0.252,0.093248,3.98617
-1,-0.253,0.0929955,3.98626
-1,-0.254,0.092742,3.98635
-1,-0.255,0.0924875,3.98644
-1,-0.256,0.092232,3.98654
-1,-0.257,0.0919755,3.98663
-1,-0.258,0.091718,3.98672
-1,-0.259,0.0914595,3.98681
-1,-0.26,0.0912,3.9869
-1,-0.261,0.0909395,3.987
-1,-0.262,0.090678,3.98709
-1,-0.263,0.0904155,3.98718
-1,-0.264,0.090152,3.98727
-1,-0.265,0.0898875,3.98736
-1,-0.266,0.089622,3.98745
-1,-0.267,0.0893555,3.98754
-1,-0.268,0.089088,3.98763
-1,-0.269,0.0888195,3.98771
-1,-0.27,0.08855,3.9878
-1,-0.271,0.0882795,3.98789
-1,-0.272,0.088008,3.98798
-1,-0.273,0.0877355,3.98807
-1,-0.274,0.087462,3.98815
-1,-0.275,0.0871875,3.98824
-1,-0.276,0.086912,3.98833
-1,-0.277,0.0866355,3.98842
-1,-0.278,0.086358,3.9885
-1,-0.279,0.0860795,3.98859
-1,-0.28,0.0858,3.98867
-1,-0.281,0.0855195,3.98876
-1,-0.282,0.085238,3.98885
-1,-0.283,0.0849555,3.98893
-1,-0.284,0.084672,3.98902
-1,-0.285,0.0843875,3.9891
-1,-0.286,0.084102,3.98918
-1,-0.287,0.0838155,3.98927
-1,-0.288,0.083528,3.98935
-1,-0.289,0.0832395,3.98944
-1,-0.29,0.08295,3.98952
-1,-0.291,0.0826595,3.9896
-1,-0.292,0.082368,3.98968
-1,-0.293,0.0820755,3.98977
-1,-0.294,0.081782,3.98985
-1,-0.295,0.0814875,3.98993
-1,-0.296,0.081192,3.99001
-1,-0.297,0.0808955,3.99009
-1,-0.298,0.080598,3.99017
-1,-0.299,0.0802995,3.99025
-1,-0.3,0.08,3.99033
-1,-0.301,0.0796995,3.99041
-1,-0.302,0.079398,3.99049
-1,-0.303,0.0790955,3.99057
-1,-0.304,0.078792,3.99065
-1,-0.305,0.0784875,3.99073
-1,-0.306,0.078182,3.99081
-1,-0.307,0.0778755,3.99089
-1,-0.308,0.077568,3.99096
-1,-0.309,0.0772595,3.99104
-1,-0.31,0.07695,3.99112
-1,-0.311,0.0766395,3.99119
-1,-0.312,0.076328,3.99127
-1,-0.313,0.0760155,3.99135
-1,-0.314,0.075702,3.99142
-1,-0.315,0.0753875,3.9915
-1,-0.316,0.075072,3.99157
-1,-0.317,0.0747555,3.99165
-1,-0.318,0.074438,3.99172
-1,-0.319,0.0741195,3.9918
-1,-0.32,0.0738,3.99187
-1,-0.321,0.0734795,3.99195
-1,-0.322,0.073158,3.99202
-1,-0.323,0.0728355,3.99209
-1,-0.324,0.072512,3.99216
-1,-0.325,0.0721875,3.99224
-1,-0.326,0.071862,3.99231
-1,-0.327,0.0715355,3.99238
-1,-0.328,0.071208,3.99245
-1,-0.329,0.0708795,3.99252
-1,-0.33,0.07055,3.99259
-1,-0.331,0.0702195,3.99266
-1,-0.332,0.069888,3.99273
-1,-0.333,0.0695555,3.9928
-1,-0.334,0.069222,3.99287
-1,-0.335,0.0688875,3.99294
-1,-0.336,0.068552,3.99301
-1,-0.337,0.0682155,3.99308
-1,-0.338,0.067878,3.99315
-1,-0.339,0.0675395,3.99322
-1,-0.34,0.0672,3.99328
-1,-0.341,0.0668595,3.99335
-1,-0.342,0.066518,3.99342
-1,-0.343,0.0661755,3.99348
-1,-0.344,0.065832,3.99355
-1,-0.345,0.0654875,3.99361
-1,-0.346,0.065142,3.99368
-1,-0.347,0.0647955,3.99374
-1,-0.348,0.064448,3.99381
-1,-0.349,0.0640995,3.99387
-1,-0.35,0.06375,3.99394
-1,-0.351,0.0633995,3.994
-1,-0.352,0.063048,3.99406
-1,-0.353,0.0626955,3.99413
-1,-0.354,0.062342,3.99419
-1,-0.355,0.0619875,3.99425
-1,-0.356,0.061632,3.99431
-1,-0.357,0.0612755,3.99438
-1,-0.358,0.060918,3.99444
-1,-0.359,0.0605595,3.9945
-1,-0.36,0.0602,3.99456
-1,-0.361,0.0598395,3.99462
-1,-0.362,0.059478,3.99468
-1,-0.363,0.0591155,3.99474
-1,-0.364,0.058752,3.9948
-1,-0.365,0.0583875,3.99485
-1,-0.366,0.058022,3.99491
-1,-0.367,0.0576555,3.99497
-1,-0.368,0.057288,3.99503
-1,-0.369,0.0569195,3.99508
-1,-0.37,0.05655,3.99514
-1,-0.371,0.0561795,3.9952
-1,-0.372,0.055808,3.99525
-1,-0.373,0.0554355,3.99531
-1,-0.374,0.055062,3.99536
-1,-0.375,0.0546875,3.99542
-1,-0.376,0.054312,3.99547
-1,-0.377,0.0539355,3.99553
-1,-0.378,0.053558,3.99558
-1,-0.379,0.0531795,3.99564
-1,-0.38,0.0528,3.99569
1,-0.379534,0.05242,3.99574
1,-0.378534,0.052041,3.99579
1,-0.377534,0.051663,3.99584
1,-0.376534,0.0512859,3.9959
1,-0.375534,0.0509099,3.99595
1,-0.374534,0.0505349,3.996
1,-0.373534,0.0501608,3.99605
1,-0.372534,0.0497878,3.9961
1,-0.371534,0.0494158,3.99615
1,-0.370534,0.0490447,3.9962
1,-0.369534,0.0486747,3.99625
1,-0.368534,0.0483057,3.99629
1,-0.367534,0.0479376,3.99634
1,-0.366534,0.0475706,3.99639
1,-0.365534,0.0472046,3.99644
1,-0.364534,0.0468395,3.99648
1,-0.363534,0.0464755,3.99653
1,-0.362534,0.0461125,3.99658
1,-0.361534,0.0457504,3.99662
1,-0.360534,0.0453894,3.99667
1,-0.359534,0.0450294,3.99671
1,-0.358534,0.0446703,3.99676
1,-0.357534,0.0443123,3.9968
1,-0.356534,0.0439553,3.99685
1,-0.355534,0.0435992,3.99689
1,-0.354534,0.0432442,3.99694
1,-0.353534,0.0428902,3.99698
1,-0.352534,0.0425371,3.99702
1,-0.351534,0.0421851,3.99706
1,-0.350534,0.0418341,3.99711
1,-0.349534,0.041484,3.99715
1,-0.348534,0.041135,3.99719
1,-0.347534,0.040787,3.99723
1,-0.346534,0.0404399,3.99727
1,-0.345534,0.0400939,3.99731
1,-0.344534,0.0397489,3.99735
1,-0.343534,0.0394048,3.99739
1,-0.342534,0.0390618,3.99743
1,-0.341534,0.0387198,3.99747
1,-0.340534,0.0383787,3.99751
1,-0.339534,0.0380387,3.99754
1,-0.338534,0.0376996,3.99758
1,-0.337534,0.0373616,3.99762
1,-0.336534,0.0370246,3.99766
1,-0.335534,0.0366885,3.99769
1,-0.334534,0.0363535,3.99773
1,-0.333534,0.0360195,3.99777
1,-0.332534,0.0356864,3.9978
1,-0.331534,0.0353544,3.99784
1,-0.330534,0.0350234,3.99787
1,-0.329534,0.0346933,3.99791
1,-0.328534,0.0343643,3.99794
1,-0.327534,0.0340363,3.99798
1,-0.326534,0.0337092,3.99801
1,-0.325534,0.0333832,3.99804
1,-0.324534,0.0330582,3.99808
1,-0.323534,0.0327341,3.99811
1,-0.322534,0.0324111,3.99814
1,-0.321534,0.0320891,3.99818
1,-0.320534,0.031768,3.99821
1,-0.319534,0.031448,3.99824
1,-0.318534,0.031129,3.99827
1,-0.317534,0.0308109,3.9983
1,-0.316534,0.0304939,3.99833
1,-0.315534,0.0301779,3.99836
1,-0.314534,0.0298628,3.99839
1,-0.313534,0.0295488,3.99842
1,-0.312534,0.0292358,3.99845
1,-0.311534,0.0289237,3.99848
1,-0.310534,0.0286127,3.99851
1,-0.309534,0.0283027,3.99854
1,-0.308534,0.0279936,3.99857
1,-0.307534,0.0276856,3.99859
1,-0.306534,0.0273786,3.99862
1,-0.305534,0.0270725,3.99865
1,-0.304534,0.0267675,3.99867
1,-0.303534,0.0264635,3.9987
1,-0.302534,0.0261604,3.99873
1,-0.301534,0.0258584,3.99875
1,-0.300534,0.0255574,3.99878
1,-0.299534,0.0252573,3.99881
1,-0.298534,0.0249583,3.99883
1,-0.297534,0.0246603,3.99885
1,-0.296534,0.0243632,3.99888
1,-0.295534,0.0240672,3.9989
1,-0.294534,0.0237722,3.99893
1,-0.293534,0.0234781,3.99895
1,-0.292534,0.0231851,3.99897
1,-0.291534,0.0228931,3.999
1,-0.290534,0.022602,3.99902
1,-0.289534,0.022312,3.99904
1,-0.288534,0.022023,3.99906
1,-0.287534,0.0217349,3.99909
1,-0.286534,0.0214479,3.99911
1,-0.285534,0.0211619,3.99913
1,-0.284534,0.0208768,3.99915
1,-0.283534,0.0205928,3.99917
1,-0.282534,0.0203098,3.99919
1,-0.281534,0.0200277,3.99921
1,-0.280534,0.0197467,3.99923
1,-0.279534,0.0194666,3.99925
1,-0.278534,0.0191876,3.99927
1,-0.277534,0.0189096,3.99929
1,-0.276534,0.0186325,3.99931
1,-0.275534,0.0183565,3.99933
1,-0.274534,0.0180815,3.99935
1,-0.273534,0.0178074,3.99936
1,-0.272534,0.0175344,3.99938
1,-0.271534,0.0172624,3.9994
1,-0.270534,0.0169913,3.99942
1,-0.269534,0.0167213,3.99943
1,-0.268534,0.0164523,3.99945
1,-0.267534,0.0161842,3.99947
1,-0.266534,0.0159172,3.99948
1,-0.265534,0.0156512,3.9995
1,-0.264534,0.0153861,3.99951
1,-0.263534,0.0151221,3.99953
1,-0.262534,0.0148591,3.99954
1,-0.261534,0.014597,3.99956
1,-0.260534,0.014336,3.99957
1,-0.259534,0.014076,3.99959
1,-0.258534,0.0138169,3.9996
1,-0.257534,0.0135589,3.99961
1,-0.256534,0.0133019,3.99963
1,-0.255534,0.0130458,3.99964
1,-0.254534,0.0127908,3.99965
1,-0.253534,0.0125368,3.99967
1,-0.252534,0.0122837,3.99968
1,-0.251534,0.0120317,3.99969
1,-0.250534,0.0117807,3.9997
1,-0.249534,0.0115306,3.99971
1,-0.248534,0.0112816,3.99973
1,-0.247534,0.0110336,3.99974
1,-0.246534,0.0107865,3.99975
1,-0.245534,0.0105405,3.99976
1,-0.244534,0.0102955,3.99977
1,-0.243534,0.0100514,3.99978
1,-0.242534,0.0098084,3.99979
1,-0.241534,0.00956636,3.9998
1,-0.240534,0.00932533,3.99981
1,-0.239534,0.00908529,3.99982
1,-0.238534,0.00884626,3.99983
1,-0.237534,0.00860823,3.99984
1,-0.236534,0.00837119,3.99984
1,-0.235534,0.00813516,3.99985
1,-0.234534,0.00790013,3.99986
1,-0.233534,0.00766609,3.99987
1,-0.232534,0.00743306,3.99988
1,-0.231534,0.00720102,3.99988
1,-0.230534,0.00696999,3.99989
1,-0.229534,0.00673996,3.9999
1,-0.228534,0.00651092,3.9999
1,-0.227534,0.00628289,3.99991
1,-0.226534,0.00605585,3.99992
1,-0.225534,0.00582982,3.99992
1,-0.224534,0.00560479,3.99993
1,-0.223534,0.00538075,3.99993
1,-0.222534,0.00515772,3.99994
1,-0.221534,0.00493569,3.99994
1,-0.220534,0.00471465,3.99995
1,-0.219534,0.00449462,3.99995
1,-0.218534,0.00427558,3.99996
1,-0.217534,0.00405755,3.99996
1,-0.216534,0.00384052,3.99996
1,-0.215534,0.00362448,3.99997
1,-0.214534,0.00340945,3.99997
1,-0.213534,0.00319541,3.99998
1,-0.212534,0.00298238,3.99998
1,-0.211534,0.00277035,3.99998
1,-0.210534,0.00255931,3.99998
1,-0.209534,0.00234928,3.99999
1,-0.208534,0.00214024,3.99999
1,-0.207534,0.00193221,3.99999
1,-0.206534,0.00172518,3.99999
1,-0.205534,0.00151914,3.99999
1,-0.204534,0.00131411,4
1,-0.203534,0.00111008,4
1,-0.202534,0.000907042,4
1,-0.201534,0.000705008,4
1,-0.200534,0.000503974,4
1,-0.199534,0.00030394,4
1,-0.198534,0.000104906,4
1,-0.197534,-9.31279e-05,4
1,-0.196534,-0.000290162,4
1,-0.195534,-0.000486196,4
1,-0.194534,-0.000681229,4
1,-0.193534,-0.000875263,4
1,-0.192534,-0.0010683,4
1,-0.191534,-0.00126033,4
1,-0.190534,-0.00145136,3.99999
1,-0.189534,-0.0016414,3.99999
1,-0.188534,-0.00183043,3.99999
1,-0.187534,-0.00201847,3.99999
1,-0.186534,-0.0022055,3.99999
1,-0.185534,-0.00239153,3.99998
1,-0.184534,-0.00257657,3.99998
1,-0.183534,-0.0027606,3.99998
1,-0.182534,-0.00294364,3.99998
1,-0.181534,-0.00312567,3.99997
1,-0.180534,-0.0033067,3.99997
1,-0.179534,-0.00348674,3.99997
1,-0.178534,-0.00366577,3.99996
1,-0.177534,-0.00384381,3.99996
1,-0.176534,-0.00402084,3.99996
1,-0.175534,-0.00419687,3.99995
1,-0.174534,-0.00437191,3.99995
1,-0.173534,-0.00454594,3.99994
1,-0.172534,-0.00471897,3.99994
1,-0.171534,-0.00489101,3.99993
1,-0.170534,-0.00506204,3.99993
1,-0.169534,-0.00523208,3.99992
1,-0.168534,-0.00540111,3.99992
1,-0.167534,-0.00556914,3.99991
1,-0.166534,-0.00573618,3.99991
1,-0.165534,-0.00590221,3.9999
1,-0.164534,-0.00606725,3.9999
1,-0.163534,-0.00623128,3.99989
1,-0.162534,-0.00639431,3.99988
1,-0.161534,-0.00655635,3.99988
1,-0.160534,-0.00671738,3.99987
1,-0.159534,-0.00687742,3.99986
1,-0.158534,-0.00703645,3.99986
1,-0.157534,-0.00719448,3.99985
1,-0.156534,-0.00735152,3.99984
1,-0.155534,-0.00750755,3.99983
1,-0.154534,-0.00766258,3.99983
1,-0.153534,-0.00781662,3.99982
1,-0.152534,-0.00796965,3.99981
1,-0.151534,-0.00812169,3.9998
1,-0.150534,-0.00827272,3.99979
1,-0.149534,-0.00842275,3.99979
1,-0.148534,-0.00857179,3.99978
1,-0.147534,-0.00871982,3.99977
1,-0.146534,-0.00886686,3.99976
1,-0.145534,-0.00901289,3.99975
1,-0.144534,-0.00915792,3.99974
1,-0.143534,-0.00930196,3.99973
1,-0.142534,-0.00944499,3.99972
1,-0.141534,-0.00958702,3.99971
1,-0.140534,-0.00972806,3.9997
1,-0.139534,-0.00986809,3.99969
1,-0.138534,-0.0100071,3.99968
1,-0.137534,-0.0101452,3.99967
1,-0.136534,-0.0102822,3.99966
1,-0.135534,-0.0104182,3.99965
1,-0.134534,-0.0105533,3.99964
1,-0.133534,-0.0106873,3.99963
1,-0.132534,-0.0108203,3.99962
1,-0.131534,-0.0109524,3.99961
1,-0.130534,-0.0110834,3.9996
1,-0.129534,-0.0112134,3.99959
1,-0.128534,-0.0113425,3.99958
1,-0.127534,-0.0114705,3.99957
1,-0.126534,-0.0115975,3.99956
1,-0.125534,-0.0117236,3.99954
1,-0.124534,-0.0118486,3.99953
1,-0.123534,-0.0119726,3.99952
1,-0.122534,-0.0120957,3.99951
1,-0.121534,-0.0122177,3.9995
1,-0.120534,-0.0123387,3.99948
1,-0.119534,-0.0124588,3.99947
1,-0.118534,-0.0125778,3.99946
1,-0.117534,-0.0126958,3.99945
1,-0.116534,-0.0128129,3.99943
1,-0.115534,-0.0129289,3.99942
1,-0.114534,-0.0130439,3.99941
1,-0.113534,-0.013158,3.99939
1,-0.112534,-0.013271,3.99938
1,-0.111534,-0.013383,3.99937
1,-0.110534,-0.0134941,3.99935
1,-0.109534,-0.0136041,3.99934
1,-0.108534,-0.0137131,3.99933
1,-0.107534,-0.0138212,3.99931
1,-0.106534,-0.0139282,3.9993
1,-0.105534,-0.0140342,3.99929
1,-0.104534,-0.0141393,3.99927
1,-0.103534,-0.0142433,3.99926
1,-0.102534,-0.0143463,3.99924
1,-0.101534,-0.0144484,3.99923
1,-0.100534,-0.0145494,3.99921
1,-0.0995339,-0.0146494,3.9992
1,-0.0985339,-0.0147485,3.99918
1,-0.0975339,-0.0148465,3.99917
1,-0.0965339,-0.0149435,3.99915
1,-0.0955339,-0.0150396,3.99914
1,-0.0945339,-0.0151346,3.99912
1,-0.0935339,-0.0152287,3.99911
1,-0.0925339,-0.0153217,3.99909
1,-0.0915339,-0.0154137,3.99908
1,-0.0905339,-0.0155048,3.99906
1,-0.0895339,-0.0155948,3.99905
1,-0.0885339,-0.0156838,3.99903
1,-0.0875339,-0.0157719,3.99902
1,-0.0865339,-0.0158589,3.999
1,-0.0855339,-0.0159449,3.99898
1,-0.0845339,-0.01603,3.99897
1,-0.0835339,-0.016114,3.99895
1,-0.0825339,-0.016197,3.99894
1,-0.0815339,-0.0162791,3.99892
1,-0.0805339,-0.0163601,3.9989
1,-0.0795339,-0.0164401,3.99889
1,-0.0785339,-0.0165192,3.99887
1,-0.0775339,-0.0165972,3.99885
1,-0.0765339,-0.0166742,3.99884
1,-0.0755339,-0.0167503,3.99882
1,-0.0745339,-0.0168253,3.9988
1,-0.0735339,-0.0168993,3.99879
1,-0.0725339,-0.0169724,3.99877
1,-0.0715339,-0.0170444,3.99875
1,-0.0705339,-0.0171154,3.99874
1,-0.0695339,-0.0171855,3.99872
1,-0.0685339,-0.0172545,3.9987
1,-0.0675339,-0.0173225,3.99868
1,-0.0665339,-0.0173896,3.99867
1,-0.0655339,-0.0174556,3.99865
1,-0.0645339,-0.0175206,3.99863
1,-0.0635339,-0.0175847,3.99862
1,-0.0625339,-0.0176477,3.9986
1,-0.0615339,-0.0177097,3.99858
1,-0.0605339,-0.0177708,3.99856
1,-0.0595339,-0.0178308,3.99854
1,-0.0585339,-0.0178898,3.99853
1,-0.0575339,-0.0179479,3.99851
1,-0.0565339,-0.0180049,3.99849
1,-0.0555339,-0.0180609,3.99847
1,-0.0545339,-0.018116,3.99845
1,-0.0535339,-0.01817,3.99844
1,-0.0525339,-0.018223,3.99842
1,-0.0515339,-0.0182751,3.9984
1,-0.0505339,-0.0183261,3.99838
1,-0.0495339,-0.0183761,3.99836
1,-0.0485339,-0.0184252,3.99834
1,-0.0475339,-0.0184732,3.99833
1,-0.0465339,-0.0185202,3.99831
1,-0.0455339,-0.0185663,3.99829
1,-0.0445339,-0.0186113,3.99827
1,-0.0435339,-0.0186553,3.99825
1,-0.0425339,-0.0186984,3.99823
1,-0.0415339,-0.0187404,3.99821
1,-0.0405339,-0.0187814,3.9982
1,-0.0395339,-0.0188215,3.99818
1,-0.0385339,-0.0188605,3.99816
1,-0.0375339,-0.0188985,3.99814
1,-0.0365339,-0.0189356,3.99812
1,-0.0355339,-0.0189716,3.9981
1,-0.0345339,-0.0190066,3.99808
1,-0.0335339,-0.0190407,3.99806
1,-0.0325339,-0.0190737,3.99804
1,-0.0315339,-0.0191058,3.99803
1,-0.0305339,-0.0191368,3.99801
1,-0.0295339,-0.0191668,3.99799
1,-0.0285339,-0.0191959,3.99797
1,-0.0275339,-0.0192239,3.99795
1,-0.0265339,-0.0192509,3.99793
1,-0.0255339,-0.019277,3.99791
1,-0.0245339,-0.019302,3.99789
1,-0.0235339,-0.019326,3.99787
1,-0.0225339,-0.0193491,3.99785
1,-0.0215339,-0.0193711,3.99783
1,-0.0205339,-0.0193921,3.99781
1,-0.0195339,-0.0194122,3.99779
1,-0.0185339,-0.0194312,3.99777
1,-0.0175339,-0.0194492,3.99776
1,-0.0165339,-0.0194663,3.99774
1,-0.0155339,-0.0194823,3.99772
1,-0.0145339,-0.0194973,3.9977
1,-0.0135339,-0.0195114,3.99768
1,-0.0125339,-0.0195244,3.99766
1,-0.0115339,-0.0195364,3.99764
1,-0.0105339,-0.0195475,3.99762
1,-0.00953387,-0.0195575,3.9976
1,-0.00853387,-0.0195665,3.99758
1,-0.00753387,-0.0195746,3.99756
1,-0.00653387,-0.0195816,3.99754
1,-0.00553387,-0.0195876,3.99752
1,-0.00453387,-0.0195927,3.9975
1,-0.00353387,-0.0195967,3.99748
1,-0.00253387,-0.0195997,3.99746
1,-0.00153387,-0.0196018,3.99744
1,-0.000533875,-0.0196028,3.99742
1,0.000466125,-0.0196028,3.9974
1,0.00146613,-0.0196019,3.99738
1,0.00246613,-0.0195999,3.99736
1,0.00346613,-0.0195969,3.99734
1,0.00446613,-0.019593,3.99732
1,0.00546613,-0.019588,3.99731
1,0.00646613,-0.019582,3.99729
1,0.00746613,-0.0195751,3.99727
1,0.00846613,-0.0195671,3.99725
1,0.00946613,-0.0195581,3.99723
1,0.0104661,-0.0195482,3.99721
1,0.0114661,-0.0195372,3.99719
1,0.0124661,-0.0195252,3.99717
1,0.0134661,-0.0195123,3.99715
1,0.0144661,-0.0194983,3.99713
1,0.0154661,-0.0194833,3.99711
1,0.0164661,-0.0194674,3.99709
1,0.0174661,-0.0194504,3.99707
1,0.0184661,-0.0194324,3.99705
1,0.0194661,-0.0194135,3.99703
1,0.0204661,-0.0193935,3.99701
1,0.0214661,-0.0193725,3.99699
1,0.0224661,-0.0193506,3.99697
1,0.0234661,-0.0193276,3.99695
1,0.0244661,-0.0193036,3.99694
1,0.0254661,-0.0192787,3.99692
1,0.0264661,-0.0192527,3.9969
1,0.0274661,-0.0192257,3.99688
1,0.0284661,-0.0191978,3.99686
1,0.0294661,-0.0191688,3.99684
1,0.0304661,-0.0191389,3.99682
1,0.0314661,-0.0191079,3.9968
1,0.0324661,-0.0190759,3.99678
1,0.0334661,-0.019043,3.99676
1,0.0344661,-0.019009,3.99674
1,0.0354661,-0.018974,3.99672
1,0.0364661,-0.0189381,3.99671
1,0.0374661,-0.0189011,3.99669
1,0.0384661,-0.0188631,3.99667
1,0.0394661,-0.0188242,3.99665
1,0.0404661,-0.0187842,3.99663
1,0.0414661,-0.0187432,3.99661
1,0.0424661,-0.0187013,3.99659
1,0.0434661,-0.0186583,3.99657
1,0.0444661,-0.0186143,3.99656
1,0.0454661,-0.0185694,3.99654
1,0.0464661,-0.0185234,3.99652
1,0.0474661,-0.0184764,3.9965
1,0.0484661,-0.0184285,3.99648
1,0.0494661,-0.0183795,3.99646
1,0.0504661,-0.0183295,3.99644
1,0.0514661,-0.0182786,3.99643
1,0.0524661,-0.0182266,3.99641
1,0.0534661,-0.0181736,3.99639
1,0.0544661,-0.0181197,3.99637
1,0.0554661,-0.0180647,3.99635
1,0.0564661,-0.0180087,3.99634
1,0.0574661,-0.0179518,3.99632
1,0.0584661,-0.0178938,3.9963
1,0.0594661,-0.0178348,3.99628
1,0.0604661,-0.0177749,3.99626
1,0.0614661,-0.0177139,3.99625
1,0.0624661,-0.0176519,3.99623
1,0.0634661,-0.017589,3.99621
1,0.0644661,-0.017525,3.99619
1,0.0654661,-0.01746,3.99618
1,0.0664661,-0.0173941,3.99616
1,0.0674661,-0.0173271,3.99614
1,0.0684661,-0.0172591,3.99612
1,0.0694661,-0.0171902,3.99611
1,0.0704661,-0.0171202,3.99609
1,0.0714661,-0.0170492,3.99607
1,0.0724661,-0.0169773,3.99606
1,0.0734661,-0.0169043,3.99604
1,0.0744661,-0.0168303,3.99602
1,0.0754661,-0.0167554,3.996
1,0.0764661,-0.0166794,3.99599
1,0.0774661,-0.0166024,3.99597
1,0.0784661,-0.0165245,3.99595
1,0.0794661,-0.0164455,3.99594
1,0.0804661,-0.0163655,3.99592
1,0.0814661,-0.0162846,3.99591
1,0.0824661,-0.0162026,3.99589
1,0.0834661,-0.0161196,3.99587
1,0.0844661,-0.0160357,3.99586
1,0.0854661,-0.0159507,3.99584
1,0.0864661,-0.0158647,3.99583
1,0.0874661,-0.0157778,3.99581
1,0.0884661,-0.0156898,3.99579
1,0.0894661,-0.0156008,3.99578
1,0.0904661,-0.0155109,3.99576
1,0.0914661,-0.0154199,3.99575
1,0.0924661,-0.015328,3.99573
1,0.0934661,-0.015235,3.99572
1,0.0944661,-0.015141,3.9957
1,0.0954661,-0.0150461,3.99569
1,0.0964661,-0.0149501,3.99567
1,0.0974661,-0.0148531,3.99566
1,0.0984661,-0.0147552,3.99564
1,0.0994661,-0.0146562,3.99563
1,0.100466,-0.0145562,3.99561
1,0.101466,-0.0144553,3.9956
1,0.102466,-0.0143533,3.99558
1,0.103466,-0.0142503,3.99557
1,0.104466,-0.0141464,3.99555
1,0.105466,-0.0140414,3.99554
1,0.106466,-0.0139354,3.99553
1,0.107466,-0.0138285,3.99551
1,0.108466,-0.0137205,3.9955
1,0.109466,-0.0136115,3.99549
1,0.110466,-0.0135016,3.99547
1,0.111466,-0.0133906,3.99546
1,0.112466,-0.0132786,3.99544
1,0.113466,-0.0131657,3.99543
1,0.114466,-0.0130517,3.99542
1,0.115466,-0.0129367,3.99541
1,0.116466,-0.0128208,3.99539
1,0.117466,-0.0127038,3.99538
1,0.118466,-0.0125858,3.99537
1,0.119466,-0.0124669,3.99535
1,0.120466,-0.0123469,3.99534
1,0.121466,-0.0122259,3.99533
1,0.122466,-0.012104,3.99532
1,0.123466,-0.011981,3.99531
1,0.124466,-0.011857,3.99529
1,0.125466,-0.0117321,3.99528
1,0.126466,-0.0116061,3.99527
1,0.127466,-0.0114791,3.99526
1,0.128466,-0.0113512,3.99525
1,0.129466,-0.0112222,3.99524
1,0.130466,-0.0110922,3.99522
1,0.131466,-0.0109613,3.99521
1,0.132466,-0.0108293,3.9952
1,0.133466,-0.0106963,3.99519
1,0.134466,-0.0105624,3.99518
1,0.135466,-0.0104274,3.99517
1,0.136466,-0.0102914,3.99516
1,0.137466,-0.0101545,3.99515
1,0.138466,-0.0100165,3.99514
1,0.139466,-0.00987754,3.99513
1,0.140466,-0.00973758,3.99512
1,0.141466,-0.00959661,3.99511
1,0.142466,-0.00945465,3.9951
1,0.143466,-0.00931168,3.99509
1,0.144466,-0.00916771,3.99508
1,0.145466,-0.00902275,3.99507
1,0.146466,-0.00887678,3.99506
1,0.147466,-0.00872981,3.99506
1,0.148466,-0.00858185,3.99505
1,0.149466,-0.00843288,3.99504
1,0.150466,-0.00828292,3.99503
1,0.151466,-0.00813195,3.99502
1,0.152466,-0.00797998,3.99501
1,0.153466,-0.00782702,3.99501
1,0.154466,-0.00767305,3.995
1,0.155466,-0.00751809,3.99499
1,0.156466,-0.00736212,3.99498
1,0.157466,-0.00720515,3.99498
1,0.158466,-0.00704719,3.99497
1,0.159466,-0.00688822,3.99496
1,0.160466,-0.00672826,3.99496
1,0.161466,-0.00656729,3.99495
1,0.162466,-0.00640532,3.99494
1,0.163466,-0.00624236,3.99494
1,0.164466,-0.00607839,3.99493
1,0.165466,-0.00591342,3.99492
1,0.166466,-0.00574746,3.99492
1,0.167466,-0.00558049,3.99491
1,0.168466,-0.00541253,3.99491
1,0.169466,-0.00524356,3.9949
1,0.170466,-0.00507359,3.9949
1,0.171466,-0.00490263,3.99489
1,0.172466,-0.00473066,3.99489
1,0.173466,-0.0045577,3.99488
1,0.174466,-0.00438373,3.99488
1,0.175466,-0.00420876,3.99487
1,0.176466,-0.0040328,3.99487
1,0.177466,-0.00385583,3.99487
1,0.178466,-0.00367786,3.99486
1,0.179466,-0.0034989,3.99486
1,0.180466,-0.00331893,3.99485
1,0.181466,-0.00313797,3.99485
1,0.182466,-0.002956,3.99485
1,0.183466,-0.00277303,3.99485
1,0.184466,-0.00258907,3.99484
1,0.185466,-0.0024041,3.99484
1,0.186466,-0.00221814,3.99484
1,0.187466,-0.00203117,3.99484
1,0.188466,-0.0018432,3.99483
1,0.189466,-0.00165424,3.99483
1,0.190466,-0.00146427,3.99483
1,0.191466,-0.00127331,3.99483
1,0.192466,-0.00108134,3.99483
1,0.193466,-0.000888373,3.99483
1,0.194466,-0.000694407,3.99483
1,0.195466,-0.000499441,3.99483
1,0.196466,-0.000303475,3.99482
-1,0.196586,-0.000106702,3.99482
-1,0.195586,8.93839e-05,3.99482
-1,0.194586,0.00028447,3.99482
-1,0.193586,0.000478556,3.99483
-1,0.192586,0.000671642,3.99483
-1,0.191586,0.000863728,3.99483
-1,0.190586,0.00105481,3.99483
-1,0.189586,0.0012449,3.99483
-1,0.188586,0.00143399,3.99483
-1,0.187586,0.00162207,3.99483
-1,0.186586,0.00180916,3.99483
-1,0.185586,0.00199524,3.99484
-1,0.184586,0.00218033,3.99484
-1,0.183586,0.00236442,3.99484
-1,0.182586,0.0025475,3.99484
-1,0.181586,0.00272959,3.99484
-1,0.180586,0.00291067,3.99485
-1,0.179586,0.00309076,3.99485
-1,0.178586,0.00326985,3.99485
-1,0.177586,0.00344793,3.99486
-1,0.176586,0.00362502,3.99486
-1,0.175586,0.0038011,3.99486
-1,0.174586,0.00397619,3.99487
-1,0.173586,0.00415028,3.99487
-1,0.172586,0.00432336,3.99488
-1,0.171586,0.00449545,3.99488
-1,0.170586,0.00466653,3.99489
-1,0.169586,0.00483662,3.99489
-1,0.168586,0.00500571,3.9949
-1,0.167586,0.00517379,3.9949
-1,0.166586,0.00534088,3.99491
-1,0.165586,0.00550696,3.99491
-1,0.164586,0.00567205,3.99492
-1,0.163586,0.00583614,3.99492
-1,0.162586,0.00599922,3.99493
-1,0.161586,0.00616131,3.99493
-1,0.160586,0.00632239,3.99494
-1,0.159586,0.00648248,3.99495
-1,0.158586,0.00664157,3.99495
-1,0.157586,0.00679965,3.99496
-1,0.156586,0.00695674,3.99497
-1,0.155586,0.00711282,3.99497
-1,0.154586,0.00726791,3.99498
-1,0.153586,0.007422,3.99499
-1,0.152586,0.00757508,3.995
-1,0.151586,0.00772717,3.995
-1,0.150586,0.00787825,3.99501
-1,0.149586,0.00802834,3.99502
-1,0.148586,0.00817743,3.99503
-1,0.147586,0.00832551,3.99504
-1,0.146586,0.0084726,3.99504
-1,0.145586,0.00861868,3.99505
-1,0.144586,0.00876377,3.99506
-1,0.143586,0.00890786,3.99507
-1,0.142586,0.00905094,3.99508
-1,0.141586,0.00919303,3.99509
-1,0.140586,0.00933411,3.9951
-1,0.139586,0.0094742,3.99511
-1,0.138586,0.00961329,3.99512
-1,0.137586,0.00975137,3.99513
-1,0.136586,0.00988846,3.99514
-1,0.135586,0.0100245,3.99515
-1,0.134586,0.0101596,3.99516
-1,0.133586,0.0102937,3.99517
-1,0.132586,0.0104268,3.99518
-1,0.131586,0.0105589,3.99519
-1,0.130586,0.01069,3.9952
-1,0.129586,0.0108201,3.99521
-1,0.128586,0.0109491,3.99522
-1,0.127586,0.0110772,3.99523
-1,0.126586,0.0112043,3.99524
-1,0.125586,0.0113304,3.99525
-1,0.124586,0.0114555,3.99526
-1,0.123586,0.0115796,3.99528
-1,0.122586,0.0117027,3.99529
-1,0.121586,0.0118247,3.9953
-1,0.120586,0.0119458,3.99531
-1,0.119586,0.0120659,3.99532
-1,0.118586,0.012185,3.99534
-1,0.117586,0.0123031,3.99535
-1,0.116586,0.0124202,3.99536
-1,0.115586,0.0125363,3.99537
-1,0.114586,0.0126514,3.99539
-1,0.113586,0.0127654,3.9954
-1,0.112586,0.0128785,3.99541
-1,0.111586,0.0129906,3.99542
-1,0.110586,0.0131017,3.99544
-1,0.109586,0.0132118,3.99545
-1,0.108586,0.0133209,3.99546
-1,0.107586,0.013429,3.99548
-1,0.106586,0.013536,3.99549
-1,0.105586,0.0136421,3.9955
-1,0.104586,0.0137472,3.99552
-1,0.103586,0.0138513,3.99553
-1,0.102586,0.0139544,3.99554
-1,0.101586,0.0140565,3.99556
-1,0.100586,0.0141576,3.99557
-1,0.099586,0.0142576,3.99559
-1,0.098586,0.0143567,3.9956
-1,0.097586,0.0144548,3.99562
-1,0.096586,0.0145519,3.99563
-1,0.095586,0.014648,3.99564
-1,0.094586,0.0147431,3.99566
-1,0.093586,0.0148372,3.99567
-1,0.092586,0.0149302,3.99569
-1,0.091586,0.0150223,3.9957
-1,0.090586,0.0151134,3.99572
-1,0.089586,0.0152035,3.99573
-1,0.088586,0.0152926,3.99575
-1,0.087586,0.0153807,3.99577
-1,0.086586,0.0154678,3.99578
-1,0.085586,0.0155538,3.9958
-1,0.084586,0.0156389,3.99581
-1,0.083586,0.015723,3.99583
-1,0.082586,0.0158061,3.99584
-1,0.081586,0.0158882,3.99586
-1,0.080586,0.0159693,3.99587
-1,0.079586,0.0160494,3.99589
-1,0.078586,0.0161284,3.99591
-1,0.077586,0.0162065,3.99592
-1,0.076586,0.0162836,3.99594
-1,0.075586,0.0163597,3.99596
-1,0.074586,0.0164348,3.99597
-1,0.073586,0.0165089,3.99599
-1,0.072586,0.016582,3.99601
-1,0.071586,0.016654,3.99602
-1,0.070586,0.0167251,3.99604
-1,0.069586,0.0167952,3.99606
-1,0.068586,0.0168643,3.99607
-1,0.067586,0.0169324,3.99609
-1,0.066586,0.0169995,3.99611
-1,0.065586,0.0170656,3.99612
-1,0.064586,0.0171307,3.99614
-1,0.063586,0.0171947,3.99616
-1,0.062586,0.0172578,3.99617
-1,0.061586,0.0173199,3.99619
-1,0.060586,0.017381,3.99621
-1,0.059586,0.0174411,3.99623
-1,0.058586,0.0175002,3.99624
-1,0.057586,0.0175583,3.99626
-1,0.056586,0.0176153,3.99628
-1,0.055586,0.0176714,3.9963
-1,0.054586,0.0177265,3.99631
-1,0.053586,0.0177806,3.99633
-1,0.052586,0.0178337,3.99635
-1,0.051586,0.0178858,3.99637
-1,0.050586,0.0179369,3.99639
-1,0.049586,0.0179869,3.9964
-1,0.048586,0.018036,3.99642
-1,0.047586,0.0180841,3.99644
-1,0.046586,0.0181312,3.99646
-1,0.045586,0.0181773,3.99648
-1,0.044586,0.0182224,3.99649
-1,0.043586,0.0182665,3.99651
-1,0.042586,0.0183095,3.99653
-1,0.041586,0.0183516,3.99655
-1,0.040586,0.0183927,3.99657
-1,0.039586,0.0184328,3.99659
-1,0.038586,0.0184719,3.9966
-1,0.037586,0.01851,3.99662
-1,0.036586,0.0185471,3.99664
-1,0.035586,0.0185831,3.99666
-1,0.034586,0.0186182,3.99668
-1,0.033586,0.0186523,3.9967
-1,0.032586,0.0186854,3.99672
-1,0.031586,0.0187175,3.99673
-1,0.030586,0.0187486,3.99675
-1,0.029586,0.0187787,3.99677
-1,0.028586,0.0188077,3.99679
-1,0.027586,0.0188358,3.99681
-1,0.026586,0.0188629,3.99683
-1,0.025586,0.018889,3.99685
-1,0.024586,0.0189141,3.99687
-1,0.023586,0.0189382,3.99689
-1,0.022586,0.0189613,3.9969
-1,0.021586,0.0189833,3.99692
-1,0.020586,0.0190044,3.99694
-1,0.019586,0.0190245,3.99696
-1,0.018586,0.0190436,3.99698
-1,0.017586,0.0190617,3.997
-1,0.016586,0.0190788,3.99702
-1,0.015586,0.0190949,3.99704
-1,0.014586,0.01911,3.99706
-1,0.013586,0.019124,3.99708
-1,0.012586,0.0191371,3.99709
-1,0.011586,0.0191492,3.99711
-1,0.010586,0.0191603,3.99713
-1,0.00958601,0.0191704,3.99715
-1,0.00858601,0.0191795,3.99717
-1,0.00758601,0.0191876,3.99719
-1,0.00658601,0.0191946,3.99721
-1,0.00558601,0.0192007,3.99723
-1,0.00458601,0.0192058,3.99725
-1,0.00358601,0.0192099,3.99727
-1,0.00258601,0.019213,3.99729
-1,0.00158601,0.0192151,3.99731
-1,0.000586009,0.0192162,3.99732
-1,-0.000413991,0.0192162,3.99734
-1,-0.00141399,0.0192153,3.99736
-1,-0.00241399,0.0192134,3.99738
-1,-0.00341399,0.0192105,3.9974
-1,-0.00441399,0.0192066,3.99742
-1,-0.00541399,0.0192017,3.99744
-1,-0.00641399,0.0191958,3.99746
-1,-0.00741399,0.0191888,3.99748
-1,-0.00841399,0.0191809,3.9975
-1,-0.00941399,0.019172,3.99752
-1,-0.010414,0.0191621,3.99754
-1,-0.011414,0.0191512,3.99756
-1,-0.012414,0.0191393,3.99757
-1,-0.013414,0.0191264,3.99759
-1,-0.014414,0.0191124,3.99761
-1,-0.015414,0.0190975,3.99763
-1,-0.016414,0.0190816,3.99765
-1,-0.017414,0.0190647,3.99767
-1,-0.018414,0.0190468,3.99769
-1,-0.019414,0.0190279,3.99771
-1,-0.020414,0.019008,3.99773
-1,-0.021414,0.018987,3.99775
-1,-0.022414,0.0189651,3.99777
-1,-0.023414,0.0189422,3.99778
-1,-0.024414,0.0189183,3.9978
-1,-0.025414,0.0188934,3.99782
-1,-0.026414,0.0188675,3.99784
-1,-0.027414,0.0188406,3.99786
-1,-0.028414,0.0188126,3.99788
-1,-0.029414,0.0187837,3.9979
-1,-0.030414,0.0187538,3.99792
-1,-0.031414,0.0187229,3.99793
-1,-0.032414,0.018691,3.99795
-1,-0.033414,0.0186581,3.99797
-1,-0.034414,0.0186242,3.99799
-1,-0.035414,0.0185893,3.99801
-1,-0.036414,0.0185533,3.99803
-1,-0.037414,0.0185164,3.99805
-1,-0.038414,0.0184785,3.99806
-1,-0.039414,0.0184396,3.99808
-1,-0.040414,0.0183997,3.9981
-1,-0.041414,0.0183588,3.99812
-1,-0.042414,0.0183169,3.99814
-1,-0.043414,0.0182739,3.99816
-1,-0.044414,0.01823,3.99818
-1,-0.045414,0.0181851,3.99819
-1,-0.046414,0.0181392,3.99821
-1,-0.047414,0.0180923,3.99823
-1,-0.048414,0.0180444,3.99825
-1,-0.049414,0.0179955,3.99827
-1,-0.050414,0.0179455,3.99828
-1,-0.051414,0.0178946,3.9983
-1,-0.052414,0.0178427,3.99832
-1,-0.053414,0.0177898,3.99834
-1,-0.054414,0.0177359,3.99835
-1,-0.055414,0.017681,3.99837
-1,-0.056414,0.0176251,3.99839
-1,-0.057414,0.0175681,3.99841
-1,-0.058414,0.0175102,3.99843
-1,-0.059414,0.0174513,3.99844
-1,-0.060414,0.0173914,3.99846
-1,-0.061414,0.0173305,3.99848
-1,-0.062414,0.0172686,3.9985
-1,-0.063414,0.0172057,3.99851
-1,-0.064414,0.0171417,3.99853
-1,-0.065414,0.0170768,3.99855
-1,-0.066414,0.0170109,3.99856
-1,-0.067414,0.016944,3.99858
-1,-0.068414,0.0168761,3.9986
-1,-0.069414,0.0168072,3.99861
-1,-0.070414,0.0167373,3.99863
-1,-0.071414,0.0166663,3.99865
-1,-0.072414,0.0165944,3.99866
-1,-0.073414,0.0165215,3.99868
-1,-0.074414,0.0164476,3.9987
-1,-0.075414,0.0163727,3.99871
-1,-0.076414,0.0162968,3.99873
-1,-0.077414,0.0162199,3.99875
-1,-0.078414,0.016142,3.99876
-1,-0.079414,0.016063,3.99878
-1,-0.080414,0.0159831,3.99879
-1,-0.081414,0.0159022,3.99881
-1,-0.082414,0.0158203,3.99883
-1,-0.083414,0.0157374,3.99884
-1,-0.084414,0.0156535,3.99886
-1,-0.085414,0.0155686,3.99887
-1,-0.086414,0.0154826,3.99889
-1,-0.087414,0.0153957,3.9989
-1,-0.088414,0.0153078,3.99892
-1,-0.089414,0.0152189,3.99894
-1,-0.090414,0.015129,3.99895
-1,-0.091414,0.0150381,3.99897
-1,-0.092414,0.0149462,3.99898
-1,-0.093414,0.0148532,3.999
-1,-0.094414,0.0147593,3.99901
-1,-0.095414,0.0146644,3.99902
-1,-0.096414,0.0145685,3.99904
-1,-0.097414,0.0144716,3.99905
-1,-0.098414,0.0143737,3.99907
-1,-0.099414,0.0142748,3.99908
-1,-0.100414,0.0141748,3.9991
-1,-0.101414,0.0140739,3.99911
-1,-0.102414,0.013972,3.99913
-1,-0.103414,0.0138691,3.99914
-1,-0.104414,0.0137652,3.99915
-1,-0.105414,0.0136603,3.99917
-1,-0.106414,0.0135544,3.99918
-1,-0.107414,0.0134474,3.99919
-1,-0.108414,0.0133395,3.99921
-1,-0.109414,0.0132306,3.99922
-1,-0.110414,0.0131207,3.99923
-1,-0.111414,0.0130098,3.99925
-1,-0.112414,0.0128979,3.99926
-1,-0.113414,0.012785,3.99927
-1,-0.114414,0.012671,3.99929
-1,-0.115414,0.0125561,3.9993
-1,-0.116414,0.0124402,3.99931
-1,-0.117414,0.0123233,3.99932
-1,-0.118414,0.0122054,3.99933
-1,-0.119414,0.0120865,3.99935
-1,-0.120414,0.0119666,3.99936
-1,-0.121414,0.0118456,3.99937
-1,-0.122414,0.0117237,3.99938
-1,-0.123414,0.0116008,3.99939
-1,-0.124414,0.0114769,3.99941
-1,-0.125414,0.011352,3.99942
-1,-0.126414,0.0112261,3.99943
-1,-0.127414,0.0110992,3.99944
-1,-0.128414,0.0109713,3.99945
-1,-0.129414,0.0108423,3.99946
-1,-0.130414,0.0107124,3.99947
-1,-0.131414,0.0105815,3.99948
-1,-0.132414,0.0104496,3.99949
-1,-0.133414,0.0103167,3.9995
-1,-0.134414,0.0101828,3.99951
-1,-0.135414,0.0100479,3.99952
-1,-0.136414,0.00991194,3.99953
-1,-0.137414,0.00977502,3.99954
-1,-0.138414,0.00963711,3.99955
1,-0.137832,0.00949882,3.99956
1,-0.136832,0.00936149,3.99957
1,-0.135832,0.00922516,3.99958
1,-0.134832,0.00908983,3.99959
1,-0.133832,0.00895549,3.9996
1,-0.132832,0.00882216,3.99961
1,-0.131832,0.00868983,3.99962
1,-0.130832,0.0085585,3.99963
1,-0.129832,0.00842817,3.99964
1,-0.128832,0.00829884,3.99964
1,-0.127832,0.0081705,3.99965
1,-0.126832,0.00804317,3.99966
1,-0.125832,0.00791684,3.99967
1,-0.124832,0.00779151,3.99968
1,-0.123832,0.00766718,3.99968
1,-0.122832,0.00754384,3.99969
1,-0.121832,0.00742151,3.9997
1,-0.120832,0.00730018,3.99971
1,-0.119832,0.00717985,3.99971
1,-0.118832,0.00706052,3.99972
1,-0.117832,0.00694218,3.99973
1,-0.116832,0.00682485,3.99973
1,-0.115832,0.00670852,3.99974
1,-0.114832,0.00659319,3.99975
1,-0.113832,0.00647886,3.99975
1,-0.112832,0.00636552,3.99976
1,-0.111832,0.00625319,3.99977
1,-0.110832,0.00614186,3.99977
1,-0.109832,0.00603153,3.99978
1,-0.108832,0.0059222,3.99979
1,-0.107832,0.00581386,3.99979
1,-0.106832,0.00570653,3.9998
1,-0.105832,0.0056002,3.9998
1,-0.104832,0.00549487,3.99981
1,-0.103832,0.00539054,3.99981
1,-0.102832,0.0052872,3.99982
1,-0.101832,0.00518487,3.99982
1,-0.100832,0.00508354,3.99983
1,-0.0998319,0.00498321,3.99983
1,-0.0988319,0.00488388,3.99984
1,-0.0978319,0.00478554,3.99984
1,-0.0968319,0.00468821,3.99985
1,-0.0958319,0.00459188,3.99985
1,-0.0948319,0.00449655,3.99986
1,-0.0938319,0.00440222,3.99986
1,-0.0928319,0.00430889,3.99987
1,-0.0918319,0.00421655,3.99987
1,-0.0908319,0.00412522,3.99988
1,-0.0898319,0.00403489,3.99988
1,-0.0888319,0.00394556,3.99988
1,-0.0878319,0.00385723,3.99989
1,-0.0868319,0.00376989,3.99989
1,-0.0858319,0.00368356,3.99989
1,-0.0848319,0.00359823,3.9999
1,-0.0838319,0.0035139,3.9999
1,-0.0828319,0.00343057,3.99991
1,-0.0818319,0.00334823,3.99991
1,-0.0808319,0.0032669,3.99991
1,-0.0798319,0.00318657,3.99992
1,-0.0788319,0.00310724,3.99992
1,-0.0778319,0.00302891,3.99992
1,-0.0768319,0.00295157,3.99992
1,-0.0758319,0.00287524,3.99993
1,-0.0748319,0.00279991,3.99993
1,-0.0738319,0.00272558,3.99993
1,-0.0728319,0.00265225,3.99994
1,-0.0718319,0.00257991,3.99994
1,-0.0708319,0.00250858,3.99994
1,-0.0698319,0.00243825,3.99994
1,-0.0688319,0.00236892,3.99995
1,-0.0678319,0.00230059,3.99995
1,-0.0668319,0.00223325,3.99995
1,-0.0658319,0.00216692,3.99995
1,-0.0648319,0.00210159,3.99995
1,-0.0638319,0.00203726,3.99996
1,-0.0628319,0.00197393,3.99996
1,-0.0618319,0.00191159,3.99996
1,-0.0608319,0.00185026,3.99996
1,-0.0598319,0.00178993,3.99996
1,-0.0588319,0.0017306,3.99997
1,-0.0578319,0.00167227,3.99997
1,-0.0568319,0.00161494,3.99997
1,-0.0558319,0.0015586,3.99997
1,-0.0548319,0.00150327,3.99997
1,-0.0538319,0.00144894,3.99997
1,-0.0528319,0.00139561,3.99998
1,-0.0518319,0.00134328,3.99998
1,-0.0508319,0.00129194,3.99998
1,-0.0498319,0.00124161,3.99998
1,-0.0488319,0.00119228,3.99998
1,-0.0478319,0.00114395,3.99998
1,-0.0468319,0.00109662,3.99998
1,-0.0458319,0.00105028,3.99998
1,-0.0448319,0.00100495,3.99998
1,-0.0438319,0.00096062,3.99999
1,-0.0428319,0.000917288,3.99999
1,-0.0418319,0.000874956,3.99999
1,-0.0408319,0.000833624,3.99999
1,-0.0398319,0.000793292,3.99999
1,-0.0388319,0.00075396,3.99999
1,-0.0378319,0.000715628,3.99999
1,-0.0368319,0.000678296,3.99999
1,-0.0358319,0.000641964,3.99999
1,-0.0348319,0.000606632,3.99999
1,-0.0338319,0.0005723,3.99999
1,-0.0328319,0.000538968,3.99999
1,-0.0318319,0.000506636,3.99999
1,-0.0308319,0.000475304,4
1,-0.0298319,0.000444973,4
1,-0.0288319,0.000415641,4
1,-0.0278319,0.000387309,4
1,-0.0268319,0.000359977,4
1,-0.0258319,0.000333645,4
1,-0.0248319,0.000308313,4
1,-0.0238319,0.000283981,4
1,-0.0228319,0.000260649,4
1,-0.0218319,0.000238317,4
1,-0.0208319,0.000216985,4
1,-0.0198319,0.000196653,4
1,-0.0188319,0.000177321,4
1,-0.0178319,0.000158989,4
1,-0.0168319,0.000141657,4
1,-0.0158319,0.000125325,4
1,-0.0148319,0.000109993,4
1,-0.0138319,9.56614e-05,4
1,-0.0128319,8.23294e-05,4
1,-0.0118319,6.99975e-05,4
1,-0.0108319,5.86655e-05,4
1,-0.00983195,4.83336e-05,4
1,-0.00883195,3.90016e-05,4
1,-0.00783195,3.06697e-05,4
1,-0.00683195,2.33377e-05,4
1,-0.00583195,1.70058e-05,4
1,-0.00483195,1.16739e-05,4
1,-0.00383195,7.34191e-06,4
1,-0.00283195,4.00996e-06,4
1,-0.00183195,1.67801e-06,4
1,-0.000831946,3.46067e-07,4
1,2.77556e-17,-1.56125e-17,4
